TypePermis;RaisonSociale;AdresseEtabl;Ville;CodePostal
Brasseur;BRASSERIE LE LION D'OR;2896, RUE DU COLLÈGE;SHERBROOKE;J1M1Z6
Brasseur;FERME BRASSERIE SCHOUNE INC.;2075, CHEMIN SAINTE-CATHERINE;SAINT-POLYCARPE;J0P1X0
Brasseur;LA BARBERIE;310, RUE SAINT-ROCH;QUÉBEC;G1K6S2
Brasseur;LES BRASSEURS DE WEST SHEFFORD;101-92, BOULEVARD DE BROMONT;BROMONT;J2L2K6
Brasseur;LE SAINT-PUB;2, RUE RACINE;BAIE-SAINT-PAUL;G3Z2P8
Brasseur;MICRO-BRASSERIE DU LIÈVRE;131, BOUL. ALBINY-PAQUETTE;MONT-LAURIER;J9L1J2
Brasseur;MICRO BRASSERIE SAINT-ARNOULD;1039, RUE SAINT-ROCH;MONT-TREMBLANT;J8E2Y9
Brasseur;ALCHIMISTE MICROBRASSERIE;681 et 725, RUE MARION;JOLIETTE;J6E8S3
Brasseur;MICROBRASSERIE MULTI-BRASSES;1209, RUE SAINT-JOSEPH;TINGWICK;J0A1L0
Brasseur;MICROBRASSERIE LES TROIS MOUSQUETAIRES;3755-B et C, BOULEVARD MATTE;BROSSARD;J4Y2P4
Production artisanale d'hydromel;BRASSERIE SAINT-ANTOINE-ABBÉ;3299, ROUTE 209;FRANKLIN;J0S1E0
Brasseur;À L'ABRI DE LA TEMPÊTE;286, CHEMIN COULOMBE;LES ÎLES-DE-LA-MADELEINE;G4T3V5
Brasseur;BRASSERIE GRIMBEV;1546, RUE PRINCIPALE;GRANBY;J2J0S6
Brasseur;MICRO-BRASSERIE DU SAGUENAY;224, RUE DES LAURENTIDES;SAGUENAY;G7H7X8
Producteur artisanal de bière;PUB LA TOUR À BIÈRES;517, RUE RACINE EST;SAGUENAY;G7H1T8
Brasseur;ARCHIBALD MICROBRASSERIE;1530, AVENUE DES AFFAIRES ET 1680 AVENUE DES AFFAIRES;QUÉBEC;G3J1Y8
Brasseur;BRASSERIE DUNHAM;3809, RUE PRINCIPALE, LOCAL 104;DUNHAM;J0E1M0
Brasseur;LE MITAN;2471, CHEMIN ROYAL;SAINTE-FAMILLE-DE-L'ÎLE-D'ORLÉANS;G0A3P0
Brasseur;ENTREPRISE HOPFENSTARK;1970, RUE NOTRE-DAME;LAVALTRIE;J5T1N4
Brasseur;MICROBRASSERIE PIT CARIBOU;B-27, RUE DE L'ANSE;PERCÉ;G0C1G0
Brasseur;MICROBRASSERIE DU LAC-SAINT-JEAN;120, RUE DE LA PLAGE;SAINT-GÉDÉON;G0W2P0
Brasseur;À LA FÛT;670, RUE NOTRE-DAME;SAINT-TITE;G0X3H0
Brasseur;MICROBRASSERIE DIEU DU CIEL;259, RUE DE VILLEMURE ET 248, RUE GODMER;SAINT-JÉRÔME;J7Z5J4
Brasseur;BRASSEURS DE MONTRÉAL;1483 ET 100-1477, RUE OTTAWA;MONTRÉAL;H3C1S9
Brasseur;MICROBRASSERIE LA CHOUAPE;1070, RANG DOUBLE NORD;SAINT-FÉLICIEN;G8K2N8
Brasseur;CORSAIRE MICROBRASSERIE INC.;8780, BOULEVARD GUILLAUME-COUTURE - LOCAL B;LÉVIS;G6V9G9
Brasseur;LE NAUFRAGEUR;586, BOULEVARD PERRON;CARLETON-SUR-MER;G0C1J0
Brasseur;BILBOQUET MICROBRASSERIE;560, AVENUE SAINT-JOSEPH;SAINT-HYACINTHE;J2S5K2
Brasseur;MICROBRASSERIE CHARLEVOIX;6, RUE PAUL-RENÉ-TREMBLAY;BAIE-SAINT-PAUL;G3Z3E4
Brasseur;BRASSEURS ILLIMITÉS;385, RUE DU PARC, LOCAUX 102 ET 103;SAINT-EUSTACHE;J7R0A3
Brasseur;SIBOIRE;80, RUE DU DÉPÔT, LOCAL 102;SHERBROOKE;J1H5G1
Brasseur;FRAMPTON BRASSE;430, 5E-ET-6E RANG;FRAMPTON;G0R1M0
Brasseur;MICROBRASSERIE DES BEAUX PRÉS;9430, BOULEVARD SAINT-ANNE;SAINTE-ANNE-DE-BEAUPRÉ;G0A3C0
Brasseur;MICROBRASSERIE LE CASTOR LTÉE;65 et 67, CHEMIN DES VINAIGRIERS;RIGAUD;J0P1P0
Brasseur;MICROBRASSERIE AUX FOUS BRASSANT;262, RUE LAFONTAINE;RIVIÈRE-DU-LOUP;G5R3A8
Brasseur;LES TROIS BRASSEURS;1405, RUE LOUVAIN OUEST;MONTRÉAL;H4N1G6
Brasseur;MICROBRASSERIE COATICOOK;1007, RUE CHILD;COATICOOK;J1A2S5
Brasseur;MICRO-BRASSERIE L'HERMITE INC.;171, BOULEVARD LABBÉ NORD - LOCAL 10;VICTORIAVILLE;G6P0E3
Brasseur;FARNHAM ALE & LAGER INC.;401, BOULEVARD DE NORMANDIE NORD;FARNHAM;J2N1W5
Brasseur;BRASSERIE DE LA CONTRÉE DE BELLECHASSE;2010 ET 2020, RUE DE L'ÉGLISE;NOTRE-DAME-AUXILIATRICE-DE-BUCKLAND;G0R1G0
Brasseur;TÊTE D'ALLUMETTE MICROBRASSERIE;265, ROUTE 132 OUEST;SAINT-ANDRÉ-DE-KAMOURASKA;G0L2H0
Brasseur;MICROBRASSERIE LE PROSPECTEUR;585 et 587, 3e AVENUE;VAL-D'OR;J9P1S6
Brasseur;SIBOIRE JACQUES-CARTIER;40, BOULEVARD JACQUES-CARTIER SUD;SHERBROOKE;J1J2Z2
Producteur artisanal de bière;LE BIEN, LE MALT;141, AVENUE BELZILE;RIMOUSKI;G5L3E5
Brasseur;MICROBRASSERIE LA MEMPHRÉ FABRIQUE À BIÈRE;2125 ET 2131, RUE TANGUAY;MAGOG;J1X5Y5
Brasseur;BRASSERIE SAINT-LUKE;5420 ET 5430, RUE MARTINEAU;SAINT-HYACINTHE;J2R1T8
Brasseur;L'ESPRIT DE CLOCHER;287, RUE DES ÉRABLES;NEUVILLE;G0A2R0
Brasseur;MICROBRASSERIE LE BARIL ROULANT;1650, ROUTE 117;VAL-DAVID;J0T2N0
Brasseur;RAS L'BOCK MICROBRASSERIE;B-4, CHEMIN DU ROY EST;SAINT-JEAN-PORT-JOLI;G0R3G0
Brasseur;MICROBRASSERIE LA PÉCHERESSE;355, RUE SAINT-ZÉPHIRIN;LA TUQUE;G9X1X3
Brasseur;BISHOP'S UNIVERSITY;2600, RUE COLLÈGE;SHERBROOKE;J1M1Z7
Brasseur;BRASSERIE AUVAL;397, ROUTE DES PÈRES;PERCÉ;G0C3G0
Brasseur;LA CHASSE-PINTE;220, RUE SAINT-JEAN-BAPTISTE;L'ANSE-SAINT-JEAN;G0V1J0
Brasseur;MICROBRASSERIE LE MALBORD;178 ET 178-B, 1ère AVENUE OUEST;SAINTE-ANNE-DES-MONTS;G4V1C9
Brasseur;AUBERGE SUTTON BROUËRIE INC.;27-A ET 33, RUE PRINCIPALE SUD;SUTTON;J0E2K0
Brasseur;LE SECRET DES DIEUX;1252, CHEMIN GUÉRETTE;POHÉNÉGAMOOK;G0L1J0
Brasseur;LES BRASSEURS DE MONTEBELLO;237-A, RUE SAINT-CHARLES;MONTEBELLO;J0V1L0
Brasseur;MICROBRASSERIE LE LION BLEU;45, RUE SAINT-JOSEPH;ALMA;G8B6V4
Brasseur;MONSREGIUS BIÈRES ARTISANALES;1750, RUE MARIE-VICTORIN, SECTIONS 4 ET 5;SAINT-BRUNO-DE-MONTARVILLE;J3V6B9
Brasseur;DOMAINE BERTHIAUME;562, CHEMIN DU PETIT-BERNIER;SAINT-JEAN-SUR-RICHELIEU;J3B6Y8
Brasseur;LE TEMPS D'UNE PINTE;1465, RUE NOTRE-DAME CENTRE;TROIS-RIVIÈRES;G9A4X4
Brasseur;COLLECTIF BRASSICOLE ENSEMBLE;1500, RUE NOBEL - LOCAL J;BOUCHERVILLE;J4B5H3
Brasseur;MICRO BRASSERIE BENELUX;780, AVENUE THOMAS;SAINT-JEAN-SUR-RICHELIEU;J2X5E7
Brasseur;MICROBRASSERIE LES GRANDS BOIS;415, RUE TESSIER EST;SAINT-CASIMIR;G0A3L0
Brasseur;MALTSTROM;557, ROUTE 131 - LOCAUX B, C et E;NOTRE-DAME-DES-PRAIRIES;J6E0M1
Fabricant de cidre;DISTILLERIE FILS DU ROY;37, RUE DE L'ÉGLISE;SAINT-ARSÈNE;G0L2K0
Brasseur;BEAUREGARD BRASSERIE DISTILLERIE;2253, RUE DANDURAND;MONTRÉAL;H2G1Z3
Production artisanale de cidre;DOMAINE DE LA CÔTE MONT-RIGAUD;751, CHEMIN PARK, RR1;SAINTE-MARTHE;J0P1W0
Brasseur;CENTRE DE DÉVELOPPEMENT BIOALIMENTAIRE DU QUÉBEC;1660, RUE DE LA FERME;SAINTE-ANNE-DE-LA-POCATIÈRE;G0R1Z0
Brasseur;LES VINS TRIANI;1000, BOULEVARD D'IBERVILLE;SAINT-JEAN-SUR-RICHELIEU;J2X4A9
Production artisanale de cidre;L'ABBAYE DE SAINT-BENOIT-DU-LAC;1, ROUTE PRINCIPALE;SAINT-BENOÎT-DU-LAC;J0B2M0
Production artisanale de cidre;CIDRERIE MICHEL JODOIN INC.;1130, LA PETITE CAROLINE;ROUGEMONT;J0L1M0
Production artisanale de mistelle;LE VERGER DES TOURTERELLES;863, ROUTE 101 NORD;DUHAMEL-OUEST;J9V2E2
Producteur artisanal de bière;LE CHEVAL BLANC;809, RUE ONTARIO EST;MONTRÉAL;H2L1P1
Producteur artisanal de bière;BAR L'INOX;655, GRANDE-ALLÉE EST;QUÉBEC;G1R2K4
Producteur artisanal de bière;MICROBRASSERIE LA DIABLE;117, CHEMIN KANDAHAR, C.P. 2669, SUCC.B;MONT-TREMBLANT;J8E1E2
Producteur artisanal de bière;BRASSERIE ART. CHEZ GAMBRINUS;3160, BOULEVARD DES FORGES;TROIS-RIVIÈRES;G8Z1V6
Producteur artisanal de bière;BRASS. ARTISANALE L'AMERE A BOIRE INC.;2045 & 2049, RUE SAINT-DENIS;MONTRÉAL;H2X3K9
Producteur artisanal de bière;BRUTOPIA;1217,1219 & 1219A, RUE CRESCENT;MONTRÉAL;H3G2B1
Producteur artisanal de bière;BRASSERIE DIEU DU CIEL INC.;29, RUE LAURIER OUEST;MONTRÉAL;H2T2N2
Producteur artisanal de bière;LE BROUEMONT;107, BOULEVARD BROMONT;BROMONT;J2L2K7
Producteur artisanal de bière;RÉSERVOIR;9 ET 11, AVENUE DULUTH EST;MONTRÉAL;H2W1G7
Producteur artisanal de bière;MICRO-BRASSERIE DE LA MARE AU DIABLE;151, RUE KING OUEST;SHERBROOKE;J1H1P4
Producteur artisanal de bière;BEDONDAINE ET BEDONS RONDS;255, RUE PETROZZA;CHAMBLY;J3L2Z7
Producteur artisanal de bière;BRASSERIE ARTISANALE BENELUX;245, SHERBROOKE OUEST;MONTRÉAL;H2X1X7
Producteur artisanal de bière;H.E.L.M.;273, RUE BERNARD OUEST;MONTRÉAL;H2V1T5
Producteur artisanal de bière;MICROBRASSERIE LE SAINT-BOCK;1749, RUE SAINT-DENIS;MONTRÉAL;H2X3K4
Producteur artisanal de bière;PUB LA VOIE MALTÉE;2509, RUE SAINT-DOMINIQUE;SAGUENAY;G7X6K1
Producteur artisanal de bière;BRASSERIE ARTISANALE LA KORRIGANE;380, RUE DORCHESTER;QUÉBEC;G1K6A7
Producteur artisanal de bière;LA FABRIQUE;4, RUE BÉRUBÉ ET 360, AVENUE SAINT-JÉRÔME;MATANE;G4W3B1
Producteur artisanal de bière;MICROBRASSERIE LA CAPTIVE INC.;140, BOULEVARD SAINT-BENOIT OUEST;AMQUI;G5J2E8
Brasseur;BIÈRE FANELLI;100, RUE PLANTE;SOREL-TRACY;J3P7P5
Brasseur;LA SOCIÉTÉ MICROBRASSERIE;428, ROUTE DU PRÉSIDENT-KENNEDY;SAINT-CÔME-LINIÈRE;G0M1J0
Brasseur;MICROBRASSERIE LE COUREUR DES BOIS INC.;427, ROUTE DE LA FRICHE;DOLBEAU-MISTASSINI;G8L0E6
Producteur artisanal de bière;LE SAINT-GRAAL;32, RUE TURGEON;SAINTE-THÉRÈSE;J7E3H4
Producteur artisanal de bière;BISTRO-BRASSERIE LES SŒURS GRISES;32, RUE MCGILL;MONTRÉAL;H2Y3W5
Producteur artisanal de bière;L'ESPACE PUBLIC - BRASSEURS DU QUARTIER;3632, RUE ONTARIO EST;MONTRÉAL;H1W1R7
Producteur artisanal de bière;BRASSERIE ARTISANALE LA SOUCHE;801, CHEMIN DE LA CANARDIÈRE;QUÉBEC;G1J2B8
Producteur artisanal de bière;BENELUX (VERDUN);4026, RUE WELLINGTON;MONTRÉAL;H4G1V3
Producteur artisanal de bière;MICRO-BRASSERIE KAPADOKYA;1507, AVENUE SAINT-LOUIS;PLESSISVILLE;G6L2M7
Brasseur;HÔTEL ROQUEMONT INC.;105, GRANDE LIGNE;SAINT-RAYMOND;G3L2Y4
Producteur artisanal de bière;BOQUÉ BIÈRE MICROBRASSERIE DE SHERBROOKE;50, RUE WELLINGTON NORD;SHERBROOKE;J1H5B7
Producteur artisanal de bière;LA CONFRÉRIE MICROBRASSERIE-CIDRERIE DE TILLY;4381 ET 4385, TERRASSE DES CHÊNES;SAINT-ANTOINE-DE-TILLY;G0S2C0
Brasseur;BARBE BROUE MICROBRASSERIE;217, ROUTE 101;NÉDÉLEC;J0Z2Z0
Brasseur;BRASSEURS DU MOULIN INC.;1015, BOULEVARD LIONEL-BOULET;VARENNES;J3X1P7
Producteur artisanal de bière;NOCTEM ARTISANS BRASSEURS;438, RUE DU PARVIS;QUÉBEC;G1K6H8
Brasseur;LA BROUE SHOP BRASSERIE ARTISANALE;1950-A, CHEMIN DU FER-À-CHEVAL;SAINTE-JULIE;J3E2T6
Production artisanale de vin;LE DOMAINE DES CÔTES D'ARDOISE;790 ET 879, RUE BRUCE;DUNHAM;J0E1M0
Production artisanale de vin;VIGNOBLE DE L'ORPAILLEUR;1086, RUE BRUCE, ROUTE 202;DUNHAM;J0E1M0
Production artisanale de vin;LE VIGNOBLE LE CEP D'ARGENT INC.;1257, CHEMIN DE LA RIVIERE;MAGOG;J1X3W5
Production artisanale de vin;VIGNOBLE CLOS DES CIGALES;136, RANG GRAND SABREVOIS;SAINTE-ANNE-DE-SABREVOIS;J0J2G0
Production artisanale de vin;VIGNOBLE DE LA BAUGE;155, AVENUE DES ÉRABLES;BRIGHAM;J2K4E1
Production artisanale de vin;VIGNOBLE GAGLIANO;1046, RUE BRUCE;DUNHAM;J0E1M0
Production artisanale de vin;VIGNOBLE MOROU;238, CHEMIN LOUIS-CYR;SAINT-CYPRIEN-DE-NAPIERVILLE;J0J1L0
Production artisanale de vin;VIGNOBLE DU MARATHONIEN;318, ROUTE 202;HAVELOCK;J0S2C0
Production artisanale de vin;VIGNOBLE LES TROIS CLOCHERS;341, RUE BRUCE, ROUTE 202;DUNHAM;J0E1M0
Production artisanale de vin;VIGNOBLE LES PERVENCHES;150, CHEMIN BOULAIS;FARNHAM;J2N2P9
Production artisanale de vin;VIGNOBLE DE STE-PETRONILLE;8705, CHEMIN ROYAL;SAINTE-PÉTRONILLE;G0A4C0
Production artisanale de vin;VIGNOBLE DOMAINE DE L'ARDENNAIS;158, CHEMIN RIDGE;STANBRIDGE EAST;J0J2H0
Production artisanale de vin;LA BULLERIE;2007, CHEMIN PRINCIPAL;SAINT-JOSEPH-DU-LAC;J0N1M0
Production artisanale de vin;VIGNOBLE DES NÉGONDOS;7100, RANG SAINT-VINCENT;MIRABEL;J7N3N1
Production artisanale de vin;LE VIGNOBLE DE L'ISLE DE BACCHUS INC.;1335, CHEMIN ROYAL;SAINT-PIERRE-DE-L'ÎLE-D'ORLÉANS;G0A4E0
Production artisanale de vin;VIGNOBLE LE NORDET;991, CHEMIN DES ÎLES;LÉVIS;G6C1B5
Production artisanale de vin;VIGNOBLE DE LA RIVIÈRE DU CHÊNE;807, CHEMIN DE LA RIVIÈRE NORD;SAINT-EUSTACHE;J7R4K3
Production artisanale de vin;DOMAINE DU RIDGE;205, CHEMIN RIDGE;SAINT-ARMAND;J0J1T0
Production artisanale de vin;VIGNOBLE LES ARTISANS DU TERROIR;1150, RANG DE LA MONTAGNE ET 195, RUE PRINCIPALE EST;SAINT-PAUL-D'ABBOTSFORD;J0E1A0
Production artisanale de vin;DOMAINE DE LAVOIE;100, RANG DE LA MONTAGNE ET 173, CHEMIN DE MARIEVILLE;ROUGEMONT;J0L1M0
Production artisanale de vin;LE DOMAINE DES DUCS SENC.;440, ROUTE DE L'ÎLE DU COLLÈGE;DUHAMEL-OUEST;J9V1E7
Production artisanale de vin;VIGNOBLE CLOS STE-CROIX DE DUNHAM;3734, RUE PRINCIPALE;DUNHAM;J0E1M0
Production artisanale de vin;CHÂTEAU SAINTE-AGNÈS;2565, CHEMIN SCENIC;SUTTON;J0E2K0
Production artisanale de vin;VIGNOBLE DU FAUBOURG SENC;479, RUE DES BOURGAULT;SAINT-JEAN-PORT-JOLI;G0R3G0
Production artisanale de vin;VIGNOBLE ET CIDRERIE COTEAU ST-PAUL;1595, RUE PRINCIPALE EST;SAINT-PAUL-D'ABBOTSFORD;J0E1A0
Production artisanale de vin;CHÂTEAU TAILLEFER LAFON;1500, MONTÉE CHAMPAGNE;LAVAL;H7X4H9
Production artisanale de vin;LA CHARLOISE;545, RANG SAINT-EUSTACHE;LOTBINIÈRE;G0S1S0
Production artisanale de vin;DOMAINE LES BROME;259, CHEMIN DE BROME;LAC-BROME;J0E1S0
Production artisanale de vin;LES ENTREPRISES CARONE;75, RUE ROY;LANORAIE;J0K1E0
Production artisanale de vin;VIGNOBLE CHÂTEAU FONTAINE;5020, AVENUE JEFO et 4900, RUE MARTINEAU (J2R 1K3);SAINT-HYACINTHE;J2R2E7
Production artisanale de vin;CLOS SARAGNAT;100, CHEMIN RICHFORD;FRELIGHSBURG;J0J1C0
Production artisanale de vin;VIGNOBLE LES CÔTES DU GAVET;1690, CHEMIN DE L'AQUEDUC;TINGWICK;J0A1L0
Production artisanale de vin;VIGNOBLE CARPINTERI;3141, CHEMIN DU PONT COUVERT;SAINT-ULRIC;G0J3H0
Production artisanale de vin;VIGNOBLE LES PETITS CAILLOUX;625, RANG DE LA MONTAGNE;SAINT-PAUL-D'ABBOTSFORD;J0E1A0
Production artisanale de vin;DOMAINE L'ANGE-GARDIEN;6869, AVENUE ROYAL;L'ANGE-GARDIEN;G0A2K0
Production artisanale de vin;LA HALTE DES PÈLERINS INC.;693, CHEMIN DU SANCTUAIRE;SHERBROOKE;J1H0E1
Production artisanale de vin;VIGNOBLE SAINT-THOMAS (ANCIENNEMENT LE MERNOIS);1090 ET 1101, RANG SUD;SAINT-THOMAS;J0K3L0
Production artisanale de vin;VIGNOBLE DU MITAN;2608, CHEMIN ROYAL;SAINTE-FAMILLE-DE-L'ÎLE-D'ORLÉANS;G0A3P0
Production artisanale de vin;VIGNOBLE LES MURMURES;2750, RUE NOISEUX;SAINT-JEAN-BAPTISTE;J0L2B0
Production artisanale de vin;LE VIGNOBLE LES VENTS D'ANGE;839, CHEMIN PRINCIPAL;SAINT-JOSEPH-DU-LAC;J0N1M0
Production artisanale de vin;VIGNOBLE AMOURASKA;568, RANG SAINT-CHARLES OUEST;SAINT-ALEXANDRE-DE-KAMOURASKA;G0L2G0
Production artisanale de vin;VIGNOBLE DOMAINE BRESEE;303, CHEMIN DRAPER;SUTTON;J0E2K0
Production artisanale de vin;DOMAINE ST-JACQUES;615 et 693, ROUTE ÉDOUARD VII;SAINT-JACQUES-LE-MINEUR;J0J1Z0
Production artisanale de vin;DOMAINE MONT-VÉZEAU;365, ROUTE 321 NORD;RIPON;J0V1V0
Production artisanale de vin;DOMAINE SAINT-BASILE;23, RANG DES VINGT;SAINT-BASILE-LE-GRAND;J3N1M2
Production artisanale de vin;DOMAINE DES SALAMANDRES;196 ET 200, CHEMIN DE COVEY HILL;HEMMINGFORD;J0L1H0
Production artisanale de vin;DOMAINE DU CLOS DE L'ISLE;11100, CHEMIN DES COQUELICOTS;BÉCANCOUR;G9H4X3
Production artisanale de vin;VIGNOBLE CÔTE DE VAUDREUIL;2692, ROUTE HARWOOD;VAUDREUIL-DORION;J7V4G2
Production artisanale de vin;DOMAINE & VINS GÉLINAS;267, RANG SAINT-FRANÇOIS;SAINT-SÉVÈRE;G0X3B0
Production artisanale de vin;VIGNOBLE CÔTÉ DES LIMOUSINS;1980, BOULEVARD DAVID-BOUCHARD;ROXTON POND;J0E1Z0
Production artisanale de vin;CLOS LAMBERT INC.;690, ROUTE DE LA RIVIÈRE-ETCHEMIN;LÉVIS;G6Z2K9
Production artisanale de vin;VIGNOBLE BOUCHE-ART;96, CHEMIN DE LA CHAPELLE;SAINT-SULPICE;J5W4C8
Production artisanale de vin;VIGNOBLE KOBLOTH;905 ET 925, GRAND BOULEVARD OUEST;SAINT-BRUNO-DE-MONTARVILLE;J3V0L8
Production artisanale de vin;DOMAINE DES MÉTÉORES;203, CHEMIN DU LAC-GROSLEAU;RIPON;J0V1V0
Production artisanale de vin;VIGNOBLE J.O. MONTPETIT & FILS;396, CHEMIN SAINT-LOUIS;SAINT-ÉTIENNE-DE-BEAUHARNOIS;J0S1S0
Production artisanale de vin;CLOS SAINTE-THÈCLE;171, RUE DU VIGNOBLE;SAINTE-THÈCLE;G0X3G0
Production artisanale de vin;VIGNOBLE BROMONT;1095, CHEMIN NORD;BRIGHAM;J2K0P6
Production artisanale de vin;AU VIGNOBLE D'ORFORD;318, CHEMIN BICE;ORFORD;J1X6X4
Production artisanale de vin;VIGNOBLE SAINT-GABRIEL;2190, RANG SAINT-DAVID;SAINT-GABRIEL-DE-BRANDON;J0K2N0
Production artisanale de vin;LA PETITE PAYSANNE;1099 & 1100, CHEMIN DE L'ACHIGAN EST;SAINTE-SOPHIE;J5J2P9
Production artisanale de vin;LES ENTREPRISES RIPARIA INC.;1440, RANG 10;SAINT-WENCESLAS;G0Z1J0
Production artisanale de vin;VIGNOBLE D'OKA;300, RANG SAINT-AMBROISE;OKA;J0N1E0
Production artisanale de vin;DOMAINE ARVI;7119, RANG DE L'HÊTRIÈRE EST;SAINT-CHARLES-DE-BELLECHASSE;G0R2T0
Production artisanale de vin;LE CHÂTEAU DE LA GRANGE;4310, CHEMIN DU CORDON;VARENNES;J3X1P9
Production artisanale de vin;VIGNOBLE MONDOR;137, RANG SAINT-HENRI;LANORAIE;J0K1E0
Production artisanale de vin;DOMAINE DES 3 MOULINS;1333, ROUTE 138;NEUVILLE;G0A2R0
Production artisanale de vin;AU JARDIN D'ÉMMANUEL;153, RANG SAINTE-SOPHIE;OKA;J0N1E0
Production artisanale de vin;LE MAS DES PATRIOTES;1076, CHEMIN DES PATRIOTES OUEST;SAINT-JEAN-SUR-RICHELIEU;J2Y1H4
Production artisanale de vin;CHÂTEAU DE CARTES;1285, RUE BRUCE;DUNHAM;J0E1M0
Production artisanale de vin;DOMAINE BERGEVILLE;1030, CHEMIN SHERBROOKE;NORTH HATLEY;J0B2C0
Production artisanale de vin;VIGNOBLE CENTAURE;3848, RUE PRINCIPALE;DUNHAM;J0E1M0
Production artisanale de vin;ÉCOLE DU 3E RANG;511, 3E RANG EST;SAINT-JOACHIM-DE-SHEFFORD;J0E2G0
Production artisanale de vin;DOMAINE DU FLEUVE;1164, ROUTE MARIE-VICTORIN;VARENNES;J3X0B8
Production artisanale de vin;VIGNOBLE LE CHAT BOTTÉ;633, ROUTE 202 EST;HEMMINGFORD;J0L1H0
Production artisanale de vin;VIGNOBLE PRÉMONT;2030, RUE PAUL-LEMAY;SAINTE-ANGÈLE-DE-PRÉMONT;J0K1R0
Production artisanale de vin;DOMAINE DU P'TIT BONHEUR;434, CHEMIN PLOUFFE;COWANSVILLE;J2K3G6
Production artisanale de vin;VIGNOBLE DU CHEMIN DE LA RIVIÈRE;1087, CHEMIN DE LA RIVIÈRE;MAGOG;J1X3W5
Production artisanale de vin;LE VIGNOBLE PIGEON HILL;395, CHEMIN DES ÉRABLES;SAINT-ARMAND;J0J1T0
Production artisanale de vin;VIGNOBLE LES VALLONS DE WADLEIGH;186, ROUTE 143;ULVERTON;J0B2B0
Production artisanale de vin;VIGNOBLE SPIRIT LÉONARD;592, MONTÉE DES PAYSANS;LABELLE;J0T1H0
Production artisanale de vin;VIGNOBLE STE-ANGÉLIQUE;472 ET 496, CÔTE SAINT-CHARLES;PAPINEAUVILLE;J0V1R0
Production artisanale de vin;VIGNOBLE COUCHEPAGANE;1328, RANG SAINTE-ANNE;MÉTABETCHOUAN-LAC-À-LA-CROIX;G8G1A3
Production artisanale de vin;VIGNOBLE CORTELLINO;468, RANG DOUBLE;SAINT-URBAIN-PREMIER;J0S1Y0
Production artisanale de vin;LE FIEF DE LA RIVIÈRE;20280, BOULEVARD DES ACADIENS;BÉCANCOUR;G9H1M8
Production artisanale de vin;CÔTE ST-HERMAS VIGNOBLE ET GÎTE;3461, CHEMIN CHARLES LÉONARD;MIRABEL;J7N2Y7
Production artisanale de vin;VIGNOBLE DU RUISSEAU;4500, RUE STROBL;DUNHAM;J0E1M0
Production artisanale de vin;DOMAINE BEAUCHEMIN;380, RUE GÉRIN-LAJOIE;YAMACHICHE;G0X3L0
Production artisanale de vin;VIGNOBLE SUGAR HILL;4, CHEMIN SUGAR HILL ET 89, CHEMIN DU MONT-ÉCHO;LAC-BROME;J0E1V0
Production artisanale de vin;MAURICE DUFOUR;1339, BOULEVARD MONSEIGNEUR DE LAVAL;BAIE-SAINT-PAUL;G3Z2X6
Production artisanale de vin;VIGNOBLE LANO D'OR;1000, GRANDE CÔTE OUEST;LANORAIE;J0K1E0
Production artisanale de vin;DOMAINE AMALGAMES;1292, RUE PRINCIPALE;SAINT-BLAISE-SUR-RICHELIEU;J0J1W0
Production artisanale de vin;VIGNOBLE ÉMILE-AUGUSTE;60, MONTÉE GUAY;SAINT-BERNARD-DE-LACOLLE;J0J1V0
Production artisanale de vin;CENTRE DE RECHERCHE AGROALIMENTAIRE DE MIRABEL;1500 ET 1600-A, CHEMIN D'OKA;OKA;J0N1E0
Production artisanale de vin;LA SEIGNEURIE DE LIRET;2378, CHEMIN ROYAL;SAINTE-FAMILLE-DE-L'ÎLE-D'ORLÉANS;G0A3P0
Production artisanale de vin;VIGNOBLE 30 ARPENTS;732, CHEMIN DES TRENTE;SAINT-MATHIAS-SUR-RICHELIEU;J3L6A2
Production artisanale de vin;GRANGE HATLEY;395, CHEMIN BACHAND;SAINTE-CATHERINE-DE-HATLEY;J0B1W0
Production artisanale de vin;DOMAINE DE PONTIAC VILLAGE;1259, CHEMIN DU CIMETIÈRE;PONTIAC;J0X2V0
Production artisanale de vin;DOMAINE DU NIVAL INC.;424, RANG DU BORD-DE-L'EAU OUEST;SAINT-LOUIS;J0G1K0
Production artisanale de vin;PINARD ET FILLES;1700, CHEMIN DES PÈRES;MAGOG;J1X5R9
Production artisanale de vin;FERME LE RAKU;80, ROUTE 132;SAINT-GERMAIN-DE-KAMOURASKA;G0L3G0
Production artisanale de vin;DOMAINE DE DUNHAM;4470, CHEMIN GODBOUT;DUNHAM;J0E1M0
Production artisanale de vin;VIGNOBLE LA GRANDE ALLÉE;812, CHEMIN PION;MONT-SAINT-HILAIRE;J3G4S6
Production artisanale de vin;VIGNOBLE CAMY;188, MONTÉE HENRYSBURG;SAINT-BERNARD-DE-LACOLLE;J0J1V0
Production artisanale de vin;LE BOURG DES CÈDRES;490, CHEMIN DU FLEUVE;LES CÈDRES;J7T1L4
Production artisanale de vin;VIGNOBLE DU MOUTON NOIR;1482, CHEMIN DU RIVAGE;SAINT-ANTOINE-SUR-RICHELIEU;J0L1R0
Production artisanale de cidre;LES VERGERS DENIS CHARBONNEAU INC.;575, RANG DE LA MONTAGNE / 45, CHEMIN DES SOUS-BOIS;MONT-SAINT-GRÉGOIRE;J0J1K0
Production artisanale de cidre;DOMAINE DE CAVEL;1074, CHEMIN DE LA MONTAGNE;MONT-SAINT-HILAIRE;J3G4S6
Production artisanale de cidre;CIDRERIE VERGER LÉO BOUTIN;711, RANG DE LA MONTAGNE;SAINTE-ANGÈLE-DE-MONNOIR;J0L1P0
Production artisanale de cidre;UNION LIBRE;1047, ROUTE 202;DUNHAM;J0E1M0
Production artisanale de cidre;LE GRAND SAINT-CHARLES;995, GRAND RANG SAINT-CHARLES;SAINT-PAUL-D'ABBOTSFORD;J0E1A0
Fabricant de cidre;CIDRERIE ST-NICOLAS;2068-2074, ROUTE MARIE VICTORIN;LÉVIS;G7A4H5
Production artisanale de cidre;LE VERGER LAMARCHE ENR.;175, MONTÉE DU VILLAGE;SAINT-JOSEPH-DU-LAC;J0N1M0
Production artisanale de cidre;AU PAVILLON DE LA POMME;1130, BOULEVARD SIR-WILFRID-LAURIER;MONT-SAINT-HILAIRE;J3H0M3
Production artisanale de cidre;VERGER PETIT ET FILS;1020, CHEMIN DE LA MONTAGNE;MONT-SAINT-HILAIRE;J3G4S6
Production artisanale de cidre;LA CIDRERIE DU VILLAGE;500 ET 509, PRINCIPALE;ROUGEMONT;J0L1M0
Production artisanale de cidre;DOMAINE LAFRANCE;1397 ET 1473, CHEMIN PRINCIPAL;SAINT-JOSEPH-DU-LAC;J0N1M0
Production artisanale de cidre;CIDRERIE VERGER BILODEAU;1868, CHEMIN ROYAL;SAINT-PIERRE-DE-L'ÎLE-D'ORLÉANS;G0A4E0
Production artisanale de cidre;DOMAINE HÉRITAGE CIDRERIE;150, CHEMIN RICHFORD;FRELIGHSBURG;J0J1C0
Production artisanale de cidre;DOMAINE SAINT-PIERRE;1865, CHEMIN ROYAL;SAINT-PIERRE-DE-L'ÎLE-D'ORLÉANS;G0A4E0
Production artisanale de cidre;CIDRERIE DU BOUT DE L'ÎLE;8683 et 8684, CHEMIN ROYAL;SAINTE-PÉTRONILLE;G0A4C0
Production artisanale de cidre;CIDRERIE SAINT-ANTOINE;3101, ROUTE MARIE-VICTORIN;SAINT-ANTOINE-DE-TILLY;G0S2C0
Production artisanale de cidre;CIDRERIE LE SOMNAMBULE;270, CHEMIN JEAN-GUÉRIN OUEST;SAINT-HENRI;G0R3E0
Production artisanale de cidre;VERGER PEDNEAULT ISLE-AUX-COUDRES;3384, CHEMIN DES COUDRIERS;L'ISLE-AUX-COUDRES;G0A3J0
Production artisanale de cidre;VERGER CIDRERIE LARIVIÈRE;1188, 8e RANG;SAINT-THÉODORE-D'ACTON;J0H1Z0
Production artisanale de cidre;DOMAINE RITT, CIDRERIE ET VERGERS;503, CHEMIN BELLEVUE OUEST;CAP-SAINT-IGNACE;G0R1H0
Production artisanale de cidre;DOMAINE ORLÉANS;1067, CHEMIN ROYAL;SAINT-PIERRE-DE-L'ÎLE-D'ORLÉANS;G0A4E0
Production artisanale de cidre;VERGER JOE GIGUÈRE;2194, CHEMIN ROYAL;SAINTE-FAMILLE-DE-L'ÎLE-D'ORLÉANS;G0A3P0
Production artisanale de cidre;DOMAINE SAINTE-FAMILLE;2388 et 2393, CHEMIN ROYAL;SAINTE-FAMILLE-DE-L'ÎLE-D'ORLÉANS;G0A3P0
Production artisanale de cidre;CIDRERIE MILTON;5, ROUTE 137 NORD ET 348, RUE PRINCIPALE;SAINTE-CÉCILE-DE-MILTON;J0E2C0
Production artisanale de cidre;VERGERS PHILION;389, ROUTE 202;HEMMINGFORD;J0L1H0
Production artisanale de cidre;CIDRERIE LACROIX;649, CHEMIN PRINCIPAL;SAINT-JOSEPH-DU-LAC;J0N1M0
Production artisanale de cidre;DOMAINE LEDUC-PIEDIMONTE;30, CHEMIN DE MARIEVILLE;ROUGEMONT;J0L1M0
Production artisanale de cidre;CIDRERIE DU PETIT SAINT-JOSEPH;1944, RANG DU DOMAINE;SAINT-JOSEPH-DU-LAC;J0N1M0
Production artisanale de cidre;LES ROY DE LA POMME;1020, AVENUE SAINT-JEAN-DE-LA-LANDE     *(VOIR COMMANTAIRE);SAINT-GEORGES;G5Z0M2
Production artisanale de cidre;LES VERGERS LA TÊTE DANS LES POMMES;1673, CHEMIN PRINCIPAL;SAINT-JOSEPH-DU-LAC;J0N1M0
Production artisanale de cidre;VAL CAUDALIES;4921, RUE PRINCIPALE;DUNHAM;J0E1M0
Production artisanale de cidre;CIDRERIE ROCKBURN;2365, ROUTE 202;HINCHINBROOKE;J0S1A0
Production artisanale de cidre;CIDRERIE CRYO;85, RANG DES ÉTANGS;MONT-SAINT-HILAIRE;J3G4S6
Production artisanale de cidre;VERGER CROQUE-POMME;20, MONTÉE BERNDT;LOCHABER-PARTIE-OUEST;J0X3B0
Production artisanale de cidre;LE VERGER POMÉLOI;33 et 82, CHEMIN DU P'TIT-BOIS NORD;LES ÎLES-DE-LA-MADELEINE;G4T0G9
Production artisanale de cidre;VERGER FERLAND;380, CHEMIN DE LA STATION;COMPTON;J0B1L0
Production artisanale de cidre;CIDRERIE CORONATION HALL CIDER MILLS;206, CHEMIN RIVER;BRISTOL;J0X1G0
Production artisanale de cidre;COTEAU ROUGEMONT;1105, LA PETITE CAROLINE;ROUGEMONT;J0L1M0
Production artisanale de cidre;VERGER BENOIT CARRÉ;525-A ET 525-B, CHEMIN DE PORT-AU-PERSIL;SAINT-SIMÉON;G0T1X0
Production artisanale de cidre;VIGNOBLE INSELBERG;277, RANG DE LA MONTAGNE;ROUGEMONT;J0L1M0
Production artisanale de cidre;ENTRE PIERRE ET TERRE INC.;1260, ROUTE 202;FRANKLIN;J0S1E0
Production artisanale de cidre;LE VERGER DU FLANC NORD;835, CHEMIN ROUILLARD;MONT-SAINT-HILAIRE;J3H0K4
Production artisanale de cidre;CIDRERIE & VERGER À L'ORÉE DU BOIS;3161, ROUTE MARIE-VICTORIN;SAINT-ANTOINE-DE-TILLY;G0S2C0
Production artisanale de cidre;QUI SÈME RÉCOLTE!;291, RANG SAINT-GUILLAUME;SAINT-JEAN-DE-MATHA;J0K2S0
Production artisanale de cidre;DOMAINE HÉBERT;450 et 460, CHEMIN DU ROY;DESCHAMBAULT-GRONDINES;G0A1S0
Production artisanale de cidre;CIDRERIE ET DISTILLERIE C.E.PETCH (CIDRERIE POMIVERDE);431, ROUTE 202 OUEST;HEMMINGFORD;J0L1H0
Production artisanale de cidre;VERGER GUIMOND;462, CHEMIN BELLEVUE OUEST;CAP-SAINT-IGNACE;G0R1H0
Production artisanale d'hydromel;HYDROMELERIE LES SAULES;27, CHEMIN SAXBY NORD et 1135, ROUTE 112;SHEFFORD;J2M2A2
Production artisanale d'hydromel;FERME APICOLE DESROCHERS D. INC.;R.R. 3 - 113, 2E RANG DE GRAVEL;FERME-NEUVE;J0W1C0
Production artisanale d'hydromel;INTERMIEL INC.;10291, RANG DE LA FRESNIÈRE;MIRABEL;J7N3M3
Production artisanale d'hydromel;HYDROMELLERIE DU VIEUX MOULIN;141, ROUTE DE LA MER;SAINTE-FLAVIE;G0J2L0
Production artisanale d'hydromel;FERME LA BUTINEUSE;14835, CHEMIN DU ST-LAURENT;BÉCANCOUR;G9H3G6
Production artisanale d'hydromel;HYDROMEL FOREST;1059, ROUTE DE DIMOCK CREEK;MARIA;G0C1Y0
Production artisanale d'hydromel;MIEL NATURE;675, CHEMIN DE LA BEAUCE;BEAUHARNOIS;J6N3B8
Production artisanale d'hydromel;HYDROMELLERIE SAINT-PAUL-DE-LA-CROIX;62, RUE PRINCIPALE OUEST;SAINT-PAUL-DE-LA-CROIX;G0L3Z0
Production artisanale d'hydromel;MIEL DES RUISSEAUX;2920, ROUTE DU LAC OUEST;ALMA;G8B5V2
Production artisanale d'hydromel;LE CHÂTEAU BLANC;521, CHEMIN DES PRÉS OUEST;RIMOUSKI;G5N1X9
Production artisanale d'hydromel;MIEL GARDNER;236, ROUTE DU 2e RANG;SAINT-NORBERT-D'ARTHABASKA;G0P1B0
Production artisanale d'hydromel;MIEL EN MER;294, CHEMIN DES ÉCHOURIES;LES ÎLES-DE-LA-MADELEINE;G4T5J8
Production artisanale de petits fruits;VIN ARTISANAL LE RICANEUX;5540, RANG SUD-EST;SAINT-CHARLES-DE-BELLECHASSE;G0R2T0
Production artisanale de petits fruits;CASSIS MONNA & FILLES;1225, CHEMIN ROYAL;SAINT-PIERRE-DE-L'ÎLE-D'ORLÉANS;G0A4E0
Production artisanale de petits fruits;FERME GUY RIVEST;1305, CHEMIN LALIBERTÉ;RAWDON;J0K1S0
Production artisanale de petits fruits;DOMAINE IVES HILL;12, CHEMIN BOYCE;COMPTON;J0B1L0
Production artisanale de petits fruits;LES FRAISES LOUIS HÉBERT;978, CHEMIN DE LA QUATRIÈME LIGNE;SAINT-VALENTIN;J0J2E0
Production artisanale de petits fruits;LA VALLÉE DE LA FRAMBOISE;34, ROUTE  LAUZIER;VAL-BRILLANT;G0J3L0
Production artisanale de petits fruits;NORD-VIE;1049, CHEMIN DES 2IÈME ET 3IÈME RANGS;SAINT-BRUNO-DE-GUIGUES;J0Z2G0
Production artisanale de petits fruits;DOMAINE LE CAGEOT - VIGNOBLE;5455, CHEMIN SAINT-ANDRÉ;SAGUENAY;G7X7V4
Production artisanale de petits fruits;LE BARBOCHEUX;475, CHEMIN CAP-ROUGE;LES ÎLES-DE-LA-MADELEINE;G4T5C8
Production artisanale de petits fruits;FERME BOURDAGES TRADITION;255, AVENUE DU VIADUC;SAINT-SIMÉON;G0C3A0
Production artisanale de petits fruits;FERME TOURNESOL;745, RUE PRINCIPALE;SAINTE-ANNE-DE-LA-PÉRADE;G0X2J0
Production artisanale de petits fruits;VERGER MÉTABETCHOUAN;1194, ROUTE SAINT-ANDRÉ;MÉTABETCHOUAN-LAC-À-LA-CROIX;G8G1X4
Production artisanale de petits fruits;AUX QUATRES VENTS;220 ET 222, CHEMIN DE L'ACAJOU;LA CONCEPTION;J0T1M0
Production artisanale de petits fruits;LES SERRES DE LA PRESQU’ÎLE (RÊVE BLEU);386, RANG DE LA PRESQU’ÏLE;SAINT-DAMASE;J0H1J0
Production artisanale de petits fruits;VERGERS DE VELOURS;324, ROUTE 169;SAINT-HENRI-DE-TAILLON;G0W2X0
Production artisanale de petits fruits;OMERTO;328, RANG SAINT-ANTOINE NORD;BAIE-SAINT-PAUL;G3Z2C3
Production artisanale de petits fruits;DOMAINE L'ORÉE DES BOIS;37, RANG SAINT-JOSEPH;NOTRE-DAME-DE-LORETTE;G0W1B0
Production artisanale de petits fruits;BOIS DE ST-CYR;5200, CHEMIN SAINT-CYR;LABELLE;J0T1H0
Production artisanale de petits fruits;LES JARDINS MERRIDOR;305, CHEMIN LISGAR;ULVERTON;J0B2B0
Production artisanale de petits fruits;LA VALLÉE BLEUE;747, RANG 1;VAL-ALAIN;G0S3H0
Production artisanale de petits fruits;LES FRUITS DU SOMMET;9, CHEMIN POTVIN;MESSINES;J0X2J0
Production artisanale de vin;LES VIGNES DES BACCHANTES;653, CHEMIN BROWNLEE;HEMMINGFORD;J0L1H0
Production artisanale de cidre;CHEMIN DES SEPT;6600, CHEMIN DES SEPT;SAINT-JEAN-BAPTISTE;J0L2B0
Production artisanale de petits fruits;LA FERME DU CAPITAINE NOËL;4734 et 4748, CHEMIN ROYAL;SAINT-JEAN-DE-L'ÎLE-D'ORLÉANS;G0A3W0
Production artisanale de cidre;VERGER ST-MARC;981, CHEMIN LAFRENIÈRE;SAINT-MARC-SUR-RICHELIEU;J0L2E0
Producteur artisanal de bière;DÉLIRES ET DÉLICES INC.;1626, AVENUE BOURGOGNE;CHAMBLY;J3L1Y7
Production artisanale de cidre;DOMAINE DES SORCIERS;2849, CHEMIN ROYAL;SAINTE-FAMILLE-DE-L'ÎLE-D'ORLÉANS;G0A3P0
Production artisanale de vin;VIGNOBLE LES FARFELUS;1123, CHEMIN AREL;MELBOURNE;J0B2B0
Producteur artisanal de bière;RESTO-BRASSERIE LE PRESBYTÈRE;1360, RUE PRINCIPALE;SAINT-STANISLAS;G0X3E0
Producteur artisanal de bière;LE BARRAGE BRASSEURS;4200, CHEMIN DE LA SAVANE;LONGUEUIL;J3Y0P6
Production artisanale de cidre;LA CIDRERIE D'UN HECTARE;99, BOULEVARD SAINTE-MARGUERITE;MERCIER;J6R2L1
Producteur artisanal de bière;BRASSERIE ISLE DE GARDE;1039, RUE BEAUBIEN EST;MONTRÉAL;H2S1T3
Production artisanale d'hydromel;MIELLERIE ST-PATRICE;438, AVENUE DES CORDILLIÈRES;QUÉBEC;G1C5C4
Production artisanale de vin;VIGNOBLE LES GÉMEAUX;766, CHEMIN DE LA PREMIÈRE CONCESSION;HINCHINBROOKE;J0S1A0
Production artisanale de vin;VIGNOBLE LA BELLE ALLIANCE;220 ET 239, CHEMIN DE FULLFORD;SHEFFORD;J2M1B2
Producteur artisanal de bière;L'ANCIENNE BANQUE;76, RUE SAINT-JACQUES;L'ISLE-AUX-ALLUMETTES;J0X1M0
Production artisanale de vin;DOMAINE SMALL;261, RUE SAINT-PIERRE;SAINTE-AGATHE-DE-LOTBINIÈRE;G0S2A0
Production artisanale de cidre;AUTOUR DE LA POMME S.E.N.C.;187, CHEMIN JOLLEY;SHEFFORD;J2M1N4
Producteur artisanal de bière;REFUGE DES BRASSEURS;2155, RUE GALT OUEST;SHERBROOKE;J1K1K3
Producteur artisanal de bière;ETOH BRASSERIE;8100, RUE SAINT-DENIS;MONTRÉAL;H2P2G6
Production artisanale de vin;DOMAINE DES SALANGES;219, CHEMIN MASSÉ;LES ÎLES-DE-LA-MADELEINE;G4T0J4
Brasseur;LA FORGE DU MALT;2385, BOULEVARD THIBEAU, LOCAL 204 et 206;TROIS-RIVIÈRES;G8T1G1
Brasseur;BRASSERIE HARRICANA;85/95, RUE JEAN-TALON OUEST ET 7205, RUE SAINT-URBAIN;MONTRÉAL;H2R2W8
Brasseur;MICROBRASSERIE DE TADOUSSAC;145, RUE DU BORD-DE-L'EAU;TADOUSSAC;G0T2A0
Brasseur;MICROBRASSERIE LABROSSE;133, AVENUE LABROSSE;POINTE-CLAIRE;H9R1A3
Brasseur;BRASSERIE MILLE ÎLES;1065, RUE DES FORGES;TERREBONNE;J6Y1V2
Brasseur;MICROBRASSERIE LA FABRIQUE;366, AVENUE SAINT-JÉRÔME;MATANE;G4W3B2
Brasseur;LA BRASSERIE GRANDE ALLÉE;4312, BOULEVARD DE LA GRANDE-ALLÉE;BOISBRIAND;J7H1M9
Brasseur;CÔTE-DU-SUD MICROBRASSERIE;50, BOULEVARD TACHÉ OUEST;MONTMAGNY;G5V3A2
Production artisanale d’alcools et spiritueux;DISTILLERIE SHEFFORD;18, CHEMIN SAXBY NORD;SHEFFORD;J2M0A6
Brasseur;MICROBRASSERIE AU FRONTIBUS;37, 39 ET 41, RUE DU BANC;GASPÉ;G4X5E3
Brasseur;NOIRE ET BLANCHE;196, RUE SAINT-EUSTACHE;SAINT-EUSTACHE;J7R2L7
Brasseur;LE CAVEAU DES TROIS PISTOLES;21, RUE PELLETIER;TROIS-PISTOLES;G0L4K0
Production artisanale de vin;LA BONTÉ DIVIGNE;2090, CHEMIN DES DEUX-RIVIÈRES;ROBERVAL;G8H2M9
Producteur artisanal de bière;MICROBRASSERIE BROUEMALT INC.;353 et 353-A RUE PRINCIPALE;SAINT-DONAT;J0T2C0
Brasseur;PIE BRAQUE - MICROBRASSERIE;2376, RUE ALEXIS-LE-TROTTEUR;SAGUENAY;G7X0J7
Brasseur;BRASSERIE DU BAS CANADA INC.;455, BOULEVARD DE LA GAPPE, LOCAL 103;GATINEAU;J8T0A2
Brasseur;BRASSERIE 11 COMTÉS;225, RUE POPE;COOKSHIRE-EATON;J0B1M0
Production artisanale de vin;VIGNOBLE PETIT CHARIOT ROUGE;C-165, CHEMIN DE CALUMET OUEST;CLARENDON;J0X2Y0
Brasseur;BOSWELL BRASSERIE ARTISANALE;2407, AVENUE MONT-ROYAL EST;MONTRÉAL;H2H1L2
Brasseur;MICROBRASSERIE LA SOUCHE INC.;22-B, 1ère AVENUE;STONEHAM-ET-TEWKESBURY;G3C0K7
Production artisanale de cidre;FERME BLACK CREEK;2638, MONTÉE DE ROCKBURN;HINCHINBROOKE;J0S1A0
Production artisanale d'hydromel;LA MIELLERIE KING;15, RUE LAJEUNESSE - LOCAL 700;KINGSEY FALLS;J0A1B0
Brasseur;MICROBRASSERIE LIVINGSTONE;2150, CHEMIN DE COVEY HILL;FRANKLIN;J0S1E0
Brasseur;MICROBRASSERIE 4 ORIGINES LTÉE;1304, RUE SAINT-PATRICK;MONTRÉAL;H3K1A4
Brasseur;MICROBRASSERIE RUISSEAU NOIR;3130 A, BOULEVARD DES ENTREPRISES, LOCAL 118, 119 et 120;TERREBONNE;J6X4J8
Brasseur;BRASSERIE DÉPAREILLÉE;751, RUE SAINTE-ANNE;YAMACHICHE;G0X3L0
Production artisanale de vin;VINETAGE;2477, CHEMIN PRINCIPAL;SAINT-JOSEPH-DU-LAC;J0N1M0
Production artisanale de mistelle;LE VERGER DE L'ÎLE NEPAWA;430, ROUTE DE L'ÎLE NEPAWA;SAINTE-HÉLÈNE-DE-MANCEBOURG;J0Z2T0
Brasseur;MICROBRASSERIE Ô QUAI DES BRASSEURS;1825, BOULEVARD DE PORT-ROYAL;BÉCANCOUR;G9H4W5
Brasseur;MICROBRASSERIE SAINT-HONORÉ;681, RUE DE L'HOTEL-DE-VILLE;SAINT-HONORÉ;G0V1L0
Production artisanale de vin;FERME DE L'ÎLE MTL;1468, CHEMIN SAINT-FÉRÉOL;LES CÈDRES;J7T1N8
Brasseur;MICROBRASSERIE LA COMPAGNIE DE SEPT-ÎLES;15 RUE DU PÈRE-DIVET;SEPT-ÎLES;G4R5B6
Brasseur;LE DISPENSAIRE DE BIÈRE INC.;102, RUE PRINCE-ARTHUR EST;MONTRÉAL;H2X1B5
Production artisanale de vin;VIGNOBLE DE POMONE INC.;144, CHEMIN DE LA RIVIÈRE DELISLE SUD;COTEAU-DU-LAC;J0P1B0
Brasseur;L'OCTANT - MICROBRASSERIE INC.;124, RUE DES ATELIERS - LOCAL B;RIMOUSKI;G5M1B5
Brasseur;CAMP DE BASE, BRASSERIE ARTISANALE;1508, CHEMIN DE L'AVALANCHE;SAINT-ADOLPHE-D'HOWARD;J0T2B0
Brasseur;BRASSERIE CHAMP LIBRE;258, 260 BOULEVARD SAINT-JEAN-BAPTISTE;MERCIER;J6R2B8
Production artisanale de vin;LE CLOS DE L'ORME BLANC;1050, CHEMIN DUTCH;SAINT-ARMAND;J0J1T0
Production artisanale de cidre;CIDRERIE DU CHEMIN 9;1308 CHEMIN BELLEVUE O.;CAP-SAINT-IGNACE;G0R1H0
Producteur artisanal de bière;LES SANS-TAVERNE;1900, RUE LE BER  - LOCAL 101;MONTRÉAL;H3K2A4
Brasseur;MACALLEN FERME & BRASSERIE;254, ROUTE 343;SAINT-AMBROISE-DE-KILDARE;J0K1C0
Production artisanale de cidre;AU PIED DE COCHON;3895 MONTÉE ROBILLARD;MIRABEL;J7N2S3
Brasseur;MICROBRASSERIE LE FERMENTOR;318 RUE SAINT-PAUL, LOCAL B ET C;REPENTIGNY;J5Z3T3
Brasseur;MENAUD DISTILLERIE ET BRASSERIE;1, RUE DE LA RIVIÈRE;CLERMONT;G4A1B5
Production artisanale de vin;VIGNOBLE COTEAU DES ARTISANS;1680, CHEMIN DE BÉTHANIE;BÉTHANIE;J0H1E1
Brasseur;ROBIN BIÈRE NATURELLE;6547, RUE FOSTER;WATERLOO;J0E2N0
Producteur artisanal de bière;MICROBRASSERIE LA GARNISON;4256, RUE LAVAL;LAC-MÉGANTIC;G6B1B5
Brasseur;DISTILLERIE WILSY;4600, ROUTE 344;SAINT-PLACIDE;J0V2B0
Brasseur;MICROBRASSERIE LA VEILLÉE;11, RUE SAINT-VINCENT;SAINTE-AGATHE-DES-MONTS;J8C2A3
Producteur artisanal de bière;BEAT & BETTERAVE;41, RUE PRINCIPALE;FRELIGHSBURG;J0J1C0
Brasseur;LE SAINT-FÛT;253-A, RUE DU SAGUENAY;SAINT-FULGENCE;G0V1S0
Production artisanale d'hydromel;MIEL MORAND;510, RANG SAINT-CHARLES;SAINT-THOMAS;J0L3L0
Brasseur;BRAUWERK HOFFMAN;1298, ROUTE 148;CAMPBELL'S BAY;J0X1K0
Production artisanale de cidre;VERGER MERLEAU;72, CHEMIN PAUL;BOUCHETTE;J0X1E0
Brasseur;BRASSERIE ARTISANALE GALLICUS;670, RUE AUGUSTE-MONDOUX, LOCAL 4;GATINEAU;J9J3K3
Brasseur;MICROBRASSERIE TROIS-LACS;434, RUE AIMÉ-VINCENT;VAUDREUIL-DORION;J7V5V5
Production artisanale de vin;LE JARDIN DE LA ROSE DES VINS;47, RANG DES VINGT;SAINT-BASILE-LE-GRAND;J3N1M2
Production artisanale de cidre;CIDRE CHOINIÈRE;2, CHEMIN DE LA POSTE-DE-BOSTON;FRELIGHSBURG;J0J1C0
Brasseur;TRÉCARRÉ MICROBRASSERIE;1431, RUE PRINCIPALE;SAINT-CÔME;J0K2B0
Brasseur;DOMAINE NOKOMIS;248, CHEMIN DESAULNIERS;STOKE;J0B3G0
Producteur artisanal de bière;LA BUVETTE DU QUARTIER;50-1015, BOULEVARD DU QUARTIER;BROSSARD;J4Z0M8
Production artisanale de vin;VIGNOBLE SAINT-PIERRE;1015, CHEMIN ROYAL;SAINT-PIERRE-DE-L'ÎLE-D'ORLÉANS;G0A4E0
Producteur artisanal de bière;PUB BREWSKEY BRASSERIE ARTISANALE;350 RUE SAINT-PAUL EST, LOCAUX 150 ET 175;MONTRÉAL;H2Y1H2
Brasseur;LES DISTRIBUTIONS SHAWBRIDGE;101-3023, BOULEVARD CURÉ LABELLE;PRÉVOST;J0R1T0
Production artisanale de vin;DOMAINE POLISSON;201, RANG DE L'ANNONCIATION;OKA;J0N1E0
Producteur artisanal de bière;LES INSULAIRES MICROBRASSEURS;275, BOULEVARD DE LA CONCORDE EST;LAVAL;H7G2E5
Producteur artisanal de bière;MICROBRASSERIE L'ENTÊTÉ;15400, CHEMIN CHARLES;MIRABEL;J7J0V9
Brasseur;CANTON BRASSE;2263, 2265 ET 2267, CHEMIN DU PARC;ORFORD;J1X7A2
Production artisanale de cidre;VERGER ALLEN DEMERS;909, CHEMIN VIRE-CRÊPES;LÉVIS;G7A1Z9
Brasseur;LA CONTREBANDE;123 et 125, RUE JEAN-PAUL LEBLANC;SAINT-ANSELME;G0R2N0
Fabricant de cidre;LES POMMES PERDUES;92, RUE MANGIN;CHÉNÉVILLE;J0V1E0
Brasseur;EMPORIUM MICROBRASSERIE;5350, BOULEVARD HENRI-BOURASSA, LOCAL 101A ET 101B;QUÉBEC;G1H6Y8
Production artisanale de vin;VIGNOBLE DOMAINE DU SAULE S.E.N.C.;1218, ROUTE 161;SAINT-VALÈRE;G0P1M0
Production artisanale de cidre;VERGER-CIDRERIE BAIE ST-POMME;52, CHEMIN DE LA POINTE;BAIE-SAINT-PAUL;G3Z2B9
Brasseur;BRASSERIE KNOWLTON;576, CHEMIN DE KNOWLTON;LAC-BROME;J0E1V0
Brasseur;PUYJALON DISTILLERIE;2-1180, RUE DU FER;HAVRE-SAINT-PIERRE;G0G1P0
Production artisanale d'hydromel;ATELIER D'USINAGE JACQUES FONTAINE;528 et 587, 3E RANG EST;SAINTE-CÉCILE-DE-MILTON;J0E2C0
Brasseur;BRASSERIE LA FERME;101, CHEMIN MEUNIER ET 1125, CHEMIN DENISON EST;SHEFFORD;J2M1H5
Production artisanale d’alcools et spiritueux;AUREL ET COMPAGNIE DISTILLERIE NORDIQUE;1045, RUE SIMARD;SAINT-AMBROISE;G7P2V2
Production artisanale de cidre;CIDRERIE COMPTON;6360, ROUTE LOUIS-S.-SAINT-LAURENT;COMPTON;J0B1L0
Brasseur;BRASSERIE JUKEBOX;150-5500, RUE HOCHELAGA;MONTRÉAL;H1N3L7
Production artisanale de vin;AUX VOLETS NOIRS;2313 CHEMIN DE LA RIVIÈRE-DES-ANGLAIS;TRÈS-SAINT-SACREMENT;J0S1G0
Brasseur;BRASSE MONTAGNE;386, CHEMIN DE LOTBINIÈRE;BROMONT;J2L1H1
Brasseur;MICROBRASSERIE LA SHED INC.;158, BOULEVARD DES ÉCUREUILS;DONNACONA;G3M0J2
Brasseur;MICROBRASSERIE 5E BARON;55, RUE PRINCIPALE;GATINEAU;J9H3L4
Brasseur;SNO MICROBRASSERIE;250, BOULEVARD WILFRID-HAMEL, ÉDIFICE M, LOCAL RC15, 121 ET 122;QUÉBEC;G1L5A7
Brasseur;FERME BRASSICOLE LA GRANGE PARDUE, COOP DE TRAVAIL;261, ROUTE 216 OUEST;HAM-NORD;G0P1A0
Production artisanale de cidre;LE VERGER À TI-PAUL;260, RANG DU BAS-SAINT-JACQUES;SAINT-ELZÉAR;G0S2J1
Brasseur;BRASSERIE SIR JOHN;455, RUE PRINCIPALE;LACHUTE;J8H1Y4
Brasseur;MALTCO;24-1750, RUE DU PÉRIGORD;QUÉBEC;G1G5X3
Brasseur;MICROBRASSERIE LA FOSSE;100 - 270, RUE DE L'ÉGLISE;DONNACONA;G3M1Z4
Brasseur;FERME DU TARIEU;705, 2E AVENUE;SAINTE-ANNE-DE-LA-PÉRADE;G0X2J0
Brasseur;MESSOREM BRACITORIUM;2233, RUE PITT;MONTRÉAL;H4E4H2
Production artisanale de cidre;VERGER HEMMINGFORD;617, ROUTE 202 EST;HEMMINGFORD;J0L1H0
Production artisanale de vin;CÔTE DE CHAMPLAIN;1033, 7E RANG;SAINT-THÉODORE-D'ACTON;J0H1Z0
Fabricant de cidre;CIDRERIE DU PARC;95, RUE J.-A.- BOMBARDIER, LOCAL 4-A;BOUCHERVILLE;J4B8P1
Production artisanale de vin;MAISON AGRICOLE JOY HILL;85, CHEMIN RICHFORD;FRELIGHSBURG;J0J1C0
Production artisanale de cidre;BLEUETIÈRE GOULET INC.;2041, ROUTE 112;SAINT-FRÉDÉRIC;G0N1P0
Production artisanale de cidre;LES CHAMPS VALLONS;331, CHEMIN DE BROME;LAC-BROME;J0E1S0
Producteur artisanal de bière;MICROBRASSERIE LA CENTRALE;2, RUE RICHARDSON;BEAUHARNOIS;J6N2T1
Production artisanale de cidre;VERGERS ARCHAMBAULT;1140, RANG PAPINEAU;SAINT-PAUL-D'ABBOTSFORD;J0E1A0
Brasseur;MICROBRASSERIE GIBOO;157, RUE PRINCIPALE;SAINTE-HÉNÉDINE;G0S2R0
Production artisanale de cidre;FERME DE L'ALCHIMISTE;229 ROUTE DE SAINT-JULES;MARIA;G0C1Y0
Production artisanale de vin;LES VINS DE LA MANSE;1425, 11E RANG;ROXTON POND;J0E1Z0
Brasseur;LA CONFRÉRIE ARTISANS BRASSEURS;1280, RUE MAURICE-BACHAND;WINDSOR;J1S0J1
Brasseur;CHAPEAU LES BOIS!;790, RUE SAINT-VALLIER OUEST;QUÉBEC;G1N1C9
Brasseur;BRETT & SAUVAGE;37, CHEMIN DE SAINT-ISIDORE;SAINTE-THÉRÈSE-DE-GASPÉ;G0C3B0
Production artisanale de vin;DOMAINE DE CAWOOD;853, CHEMIN DE CAWOOD;ALLEYN-ET-CAWOOD;J0X1P0
Production artisanale de vin;DOMAINE VINÉTERRA;815, CHEMIN PION;MONT-SAINT-HILAIRE;J3H0L4
Production artisanale de petits fruits;DISTILLERIE L'INCANTATRICE;B-1431, RANG CENTRE;BEAULAC-GARTHBY;G0Y1B0
Brasseur;BRASSERIE SILO;109, RUE DE LOUVAIN OUEST;MONTRÉAL;H2N1A3
Production artisanale de vin;VIGNOBLE LES COLLINES;415, CHEMIN CRÉGHEUR;PONTIAC;J0X2G0
Brasseur;LE KETCH;1220, RUE BOURQUE;MONT-JOLI;G5H4C3
Brasseur;BRASSERIE BARABĀS;377, ROUTE 132;SAINTE-BARBE;J0S1P0
Brasseur;BRASSERIE L'APOTHICAIRE;38, RUE MARCEL-LÉPINE;SAINT-JACQUES;J0K2R0
Brasseur;L'OXYMORE - MICROBRASSERIE;110, RUE DES PME;SAINT-GILLES;G0S2P0
Brasseur;LA PIERRE DE FÉE;170 RUE PRINCIPALE;LA SARRE;J9Z1Y2
Production artisanale de vin;LES SERRES FRANK ZYROMSKI;1853, CHEMIN LALIBERTÉ ET CADASTRE No 5 994 604;RIVIÈRE-ROUGE;J0T1T0
Brasseur;BRASSERIE CARDINAL;466, RUE MAIN;HUDSON;J0P1H0
Production artisanale de vin;DOMAINE OAK HILL;455, CHEMIN CRACK;MELBOURNE;J0B1X0
Brasseur;BRASSERIE L'ESPACE PUBLIC;2287, AVENUE LETOURNEUX;MONTRÉAL;H1V2N9
Production artisanale de vin;VIGNOBLE LA VALLÉE DES NUAGES;35 CHEMIN GALLUP;DANVILLE;J0A1A0
Producteur artisanal de bière;MICROBRASSERIE MUTOÏDE;3135 RUE HOCHELAGA;MONTRÉAL;H1W1G3
Production artisanale de vin;VIGNOBLE LEBLANC;1415, ROUTE 132;SAINT-ANICET;J0S1M0
Brasseur;BRASSERIE ALPHA;1510-A RUE SEMPLE;QUÉBEC;G1N4B4
Producteur artisanal de bière;MICRO-BRASSERIE DES HALDES;420, RUE SAINT-ALPHONSE SUD;THETFORD MINES;G6G3V8
Production artisanale de vin;LA GRANGE DE L'ÎLE;517 CHEMIN DU CARREFOUR;SAINT-PIERRE-DE-L'ÎLE-D'ORLÉANS;G0A4E0
Producteur artisanal de bière;DISTILLERIE OTIS / LA QUINCAILLERIE;980, RUE RACHEL EST;MONTRÉAL;H2J2J3
Production artisanale de cidre;LA FERME DES TROIS-RUISSEAUX;4685, BOULEVARD DU PARC-INDUSTRIEL;BÉCANCOUR;G9H3N3
Brasseur;CHELSEA &CO MICROBRASSERIE;6, CHEMIN DOUGLAS;CHELSEA;J9B1K4
Production artisanale de petits fruits;CAMERISES ST-PHILIPPE;1375, RANG SAINT-PHILIPPE;SAINT-ANSELME;G0R2N0
Producteur artisanal de bière;L'ALBATROS BRASSERIE ARTISANALE;2928, CHEMIN SAINTE-MARIE;MASCOUCHE;J7K1N7
Production artisanale de vin;DOMAINE DES FEUX FOLLETS;82, BOULEVARD BLAIS EST;BERTHIER-SUR-MER;G0R1E0
Brasseur;LA TERRE À BOIRE;1375, RUE PRINCIPALE;SAINT-BLAISE-SUR-RICHELIEU;J0J1W0
Producteur artisanal de bière;CHEZ MURPHY'S PUB IRLANDAIS ET PIZZÉRIA FLATBREAD;1093, RUE SAINT-JEAN;QUÉBEC;G1R1S3
Producteur artisanal de bière;PUB SAINT-ALEXANDRE;1087, RUE SAINT-JEAN;QUÉBEC;G1R1S3
Production artisanale d'hydromel;VALÉ O MIEL;2855 BOULEVARD DE LA GRANDE-BAIE NORD;SAGUENAY;G7B3N8
Brasseur;BRASSERIE ARTISANALE CÔTE À BEAUSOLEIL;181, ROUTE LOUIS-CYR;SAINT-JEAN-DE-MATHA;J0K2S0
Brasseur;BRASSERIE AYAWAN;1201, 10E AVENUE;VAL-MORIN;J0T2R0
Brasseur;PERSPECTIVE MICROBRASSERIE;18, RUE SAINT-PATRICE;SAINT-LIBOIRE;J0H1R0
Production artisanale de cidre;LA CIDRERIE DES GÉNÉRATIONS;4377, CHEMIN D'OKA;SAINT-JOSEPH-DU-LAC;J0N1M0
Producteur artisanal de bière;LE SAGE BRASSEUR;1000, RUE DU SUD;COWANSVILLE;J2K2Y3
Production artisanale d'hydromel;HYDROMEL CHARLEVOIX;49, RUE SAINT-JEAN-BAPTISTE;BAIE-SAINT-PAUL;G3Z1M3
Producteur artisanal de bière;LA MAISON DU BRASSEUR LE PUB;441, RUE SAINT-GEORGES;MONT-TREMBLANT;J8E3G4
Production artisanale de vin;DOMAINE DE L'ESPIÈGLE;4474 ET 4540, RUE PRINCIPALE;DUNHAM;J0E1M0
Production artisanale d'hydromel;APIKOL;625-627 BOUL CHAREST EST;QUÉBEC;G1K3J5
Producteur artisanal de bière;TOLTÈK BRASSEUR ARTISAN;106-556, BOULEVARD DE MORTAGNE;BOUCHERVILLE;J4B5E4
Production artisanale d'hydromel;BRASSERIE WALKYRIE;134, RUE PRINCIPALE;LAMARCHE;G0W1X0
Production artisanale de cidre;FERME CIDRICOLE ÉQUINOXE;2015, ROUTE 104;FARNHAM;J2N2P9
Brasseur;MICROBRASSERIE HOP STATION;131, RUE LOVELL;COATICOOK;J1A3B2
Brasseur;LA BALEINE ENDIABLÉE;229, ROUTE 132;RIVIÈRE-OUELLE;G0L2C0
Production artisanale de vin;VIGNOBLE SOUFFLE DE VIE;149, CHEMIN DE SENNEVILLE;SENNEVILLE;H9X3X3
Producteur artisanal de bière;MICROBRASSERIE LE GARAGE;661, RUE PRINCIPALE;SAINTE-ANNE-DE-LA-PÉRADE;G0X2J0
Brasseur;LES BIÈRES PHILOSOPHALES MICROBRASSERIE;18134, RUE J.-A.-BOMBARDIER;MIRABEL;J7J0H5
Production artisanale de vin;VIGNOBLE LE DI-VIN;200, CHEMIN RIDGE;SAINT-ARMAND;J0J1T0
Production artisanale de vin;VIGNOBLE COM'AUTREFOIS;737, RANG SAINT-FRANÇOIS OUEST;NOTRE-DAME-DE-LOURDES;G0S1T0
Fabricant de cidre;L'INTRUS;1095, RUE VINCENT-MASSEY  - SUITE 8B;QUÉBEC;G1N1N2
Production artisanale de cidre;VERGER BARRY;1433, BOULEVARD DE LANAUDIÈRE;SAINTE-ANNE-DE-LA-PÉRADE;G0X2J0
Producteur artisanal de bière;MICROBRASSERIE ROUTE 8;1054, BOULEVARD ARTHUR-SAUVÉ;SAINT-EUSTACHE;J7R4K3
Production artisanale de vin;CLOS SANS FRONTIÈRE;185, RANG SAINT-ANDRÉ;SAINT-BERNARD-DE-LACOLLE;J0J1V0
Fabricant de cidre;CIDRE SAUVAGEON;1401, RUE LEGENDRE OUEST LOCAL 302;MONTRÉAL;H4N2R9
Production artisanale de vin;DOMAINE GIROUARD;160, CHEMIN MUDGETT;SUTTON;J0E2K0
Producteur artisanal de bière;BRASSERIE MACFERLY INC.;1111, BOULEVARD DE L'ANGE-GARDIEN NORD LOCAL 114;L'ASSOMPTION;J5W1N7
Production artisanale de vin;LES VINS DE TRÈS-PRÉCIEUX-SANG;10150, CHEMIN DU SAINT-LAURENT;BÉCANCOUR;G9H3E8
Producteur artisanal de bière;LE BRASSEUR FOU;18, RUE PRINCIPALE NORD;COOKSHIRE-EATON;J0B3A0
Brasseur;À L'ABORDAGE MICROBRASSERIE;50, CHEMIN DE GASPÉ, LOCAL A3;BROMONT;J2L2N8
Brasseur;MICROBRASSERIE MAÎTRE RENARD;B-473, 3E RUE;CHIBOUGAMAU;G8P1N6
Producteur artisanal de bière;MICROBRASSERIE MELLÖN;7141, RUE SAINT-ANDRÉ;MONTRÉAL;H2R1V4
Brasseur;BERCÉE MICROBRASSERIE;150, ROUTE D'HÉBERTVILLE;HÉBERTVILLE;G8N1M8
Production artisanale de mistelle;FRAISIÈRE GARNEAU;2271, CHEMIN AUBIN;LÉVIS;G7A2N3
Production artisanale d'hydromel;CRU D'ABEILLE;1648, RUE DES RIVEURS LOCAL 2;LÉVIS;G6Y0C2
Production artisanale d'hydromel;MIELLERIE DE LA GRANDE OURSE;391, ROUTE 111;SAINT-MARC-DE-FIGUERY;J0Y1J0
Brasseur;9421-8815 QUÉBEC INC.;95, BOULEVARD DE LA TECHNOLOGIE;GATINEAU;J8Z3G4
Production artisanale d'hydromel;LE PETIT RUCHER DU NORD;362, ROUTE 323;BRÉBEUF;J0T1B0
Brasseur;BRASSERIE WILLS;6729, AVENUE DE L'ESPLANADE;MONTRÉAL;H2V4P9
Production artisanale de vin;DOMAINE DE L'HEURE JUSTE;750, CÔTE SAINT-CHARLES;PAPINEAUVILLE;J0V1R0
Brasseur;MICROBRASSERIE JACKALHOP;775, ROUTE 116 OUEST;PLESSISVILLE;G6L2Y2
Brasseur;L'AUTRE BRASSERIE;110, RUE DE LA RIVIÈRE, LOCAUX 102, 104 ET 106;BEDFORD;J0J1A0
Fabricant de cidre;CASSINE;43, RUE PRINCIPALE;FRELIGHSBURG;J0J1C0
Production artisanale de vin;DOMAINE DESLANDES;1119, ROUTE 139;SAINT-THÉODORE-D'ACTON;J0H1Z0
Production artisanale de petits fruits;LE BLEUET DES CHAMPS;178, ROUTE 138;LONGUE-RIVE;G0T1Z0
Brasseur;AUBIER MICROBRASSERIE;150, RUE GIROUARD ET 150-235, RUE HERIOT;DRUMMONDVILLE;J2C4M8
Brasseur;BOB MAGNALE ARTISANS BRASSEURS;500-3, RUE BONIN;ACTON VALE;J0H1A0
Producteur artisanal de bière;LA CHOPE ANGUS;140-2601, RUE WILLIAM-TREMBLAY;MONTRÉAL;H1Y3J2
Producteur artisanal de bière;MICROBRASSERIE LOCOMOTIV;125, RUE D'IBERVILLE;BERTHIERVILLE;J0K1A0
Production artisanale d'hydromel;FERME APICOLE MÉKINAC;601, ROUTE PAQUIN;HÉROUXVILLE;G0X1J0
Production artisanale de cidre;LA CAPSULE TEMPORELLE;2278 et 2281, ROUTE 202;FRANKLIN;J0S1E0
Producteur artisanal de bière;LE LABORATOIRE DU BRASSEUR, BRASSERIE ARTISANALE;77, BOULEVARD GEORGES-GAGNÉ SUD;DELSON;J5B2E5
Production artisanale de cidre;LES DOMAINES ROKA;2, CHEMIN DU SOUS-BOIS;MONT-SAINT-GRÉGOIRE;J0J1K0
Production artisanale de vin;CLOS SUR-VIVANT;9198, ROUTE 279;SAINT-CHARLES-DE-BELLECHASSE;G0R2T0
Brasseur;LA CHASSE GARDÉE;64-C, RUE PRINCIPALE NORD;SACRÉ-COEUR;G0T1Y0
Production artisanale de vin;VIGNOBLE LA CANTINA, VALLÉE D'OKA;1942, CHEMIN D'OKA;OKA;J0N1E0
Production artisanale de cidre;LES JARDINS BEAUSÉJOUR;1617 et 1631, 36E RUE OUEST;LA GUADELOUPE;G0M1G0
Brasseur;MICROBRASSERIE LA BELLE AVENTURE;108-B, AVENUE DE GRAND-PRÉ;BONAVENTURE;G0C1E0
Producteur artisanal de bière;L'ARDOISE, COOPÉRATIVE BRASSICOLE;445 A, RUE PRINCIPALE NORD;RICHMOND;J0B2H0
Fabricant de cidre;CIDRERIE TURBULENCE;10, RUE DU CIMETIÈRE;SUTTON;J0E2K0
Producteur artisanal de bière;MICROBRASSERIE ÉQUINOXE;304, RUE PRINCIPALE;POTTON;J0E1X0
Brasseur;MICROBRASSERIE LAGABIÈRE;537, 3E RANG;SAINT-JEAN-SUR-RICHELIEU;J2X5T5
Production artisanale de cidre;VERGER D'EMILIE;1255, RANG DOUBLE;ROUGEMONT;J0L1M0
Brasseur;UNCLE BROUE;5885, ROUTE ARTHUR-SAUVÉ;MIRABEL;J7N2W4
Brasseur;LE HOUBLON SPORTIF;103-2515, AVENUE DALTON;QUÉBEC;G1P3S5
Fabricant de cidre;META AGRO-INDUSTRIES;1401, RUE LEGENDRE OUEST - LOCAL 202;MONTRÉAL;H4N2R9
Brasseur;LE BRASSEUR NOIR;1192, RUE DE L'EXPRESS;TERREBONNE;J6W6K9
Brasseur;VERSO MICROBRASSERIE;1415 B, ROUTE 277;LAC-ETCHEMIN;G0R1S0
Production artisanale de cidre;LABONTÉ DE LA POMME;405, RANG DE L'ANNONCIATION;OKA;J0N1E0
Brasseur;9440-6451 QUÉBEC INC.;6800, HUTCHISON;MONTRÉAL;H3N1Y4
Producteur artisanal de bière;MEMENTO BRASSERIE ARTISANALE;2471 RUE SAINT-PATRICK;MONTRÉAL;H3K1B3
Producteur artisanal de bière;BRASSERIE ANORAK;2, RUE MEADOWBROOK;MORIN-HEIGHTS;J0R1H0
Production artisanale de vin;LE JARDIN DE LA SIMPLICITÉ;314, RUE SAINT-ÉDOUARD;SAINT-URBAIN;G0A4K0
Brasseur;BIÈRERIE SHELTON;2100, MONTÉE SAINT-JEAN-BAPTISTE;SAINT-MATHIEU-DE-BELOEIL;J3V5J8
Brasseur;MICROBRASSERIE WICK STATION;167, RUE SAINT-LOUIS;WARWICK;J0A1M0
Brasseur;À LA DÉRIVE BRASSERIE ARTISANALE;101-920, BOULEVARD SAINT-JOSEPH;GATINEAU;J8Z1S8
Production artisanale de vin;LES SOEURS RACINES;317, RANG DE L'ÉGLISE SUD;SAINT-IGNACE-DE-STANBRIDGE;J0J1Y0
Brasseur;LA SHOP À BIÈRE;279, RUE NOTRE-DAME;TRING-JONCTION;G0N1X0
Brasseur;FLORE SAUVAGE COOPÉRATIVE BRASSICOLE;3521, CHEMIN DE SAINTE-FLORE;SHAWINIGAN;G9T1A6
Brasseur;MICROBRASSERIE DE LA MADAWASKA;612-A, AVENUE PRINCIPALE;DÉGELIS;G5T0E2
Brasseur;USINE-ÉCOLE DE L'UNIVERSITÉ DE SHERBROOKE;2500, BOULEVARD DE L'UNIVERSITÉ LOCAUX C4-1002, C4-1003, C4-1004 ET C4-1005;SHERBROOKE;J1K2R1
Producteur artisanal de bière;BRASSÉ SERRÉ - BRASSEURS DE VILLAGES;2616, ROUTE NICHOLAS-AUSTIN;BOLTON-EST;J0E1G0
Producteur artisanal de bière;MICROBRASSERIE ETCHEMIN;261, 2e AVENUE;LAC-ETCHEMIN;G0R1S0
Brasseur;BRASSEUR DES MONTS;3069, AVENUE ROYALE;SAINT-FERRÉOL-LES-NEIGES;G0A3R0
Production artisanale de vin;VIGNOBLE CLOS ST-JEAN;190, CHEMIN SAINT-JEAN;SAINTE-MARIE-SALOMÉ;J0K2Z0
Producteur artisanal de bière;MICROBRASSERIE PERODAM;300-1847, BOULEVARD PERROT;NOTRE-DAME-DE-L'ÎLE-PERROT;J7W2E1
Brasseur;MICROBRASSERIE L'IRONIE DU 13;440, 3E AVENUE - SUITE 120;LÉVIS;G6W5M6
Brasseur;EXP ARTISAN BRASSEUR;1970, RUE DE L'INTERLUDE;QUÉBEC;G3K0R6
Brasseur;PUB BROUHAHA;10295, AVENUE PAPINEAU;MONTRÉAL;H2B2A1
Production artisanale de vin;VIGNOBLE DU VENT MAUDIT;690 RANG SAINT-ESPRIT;SAINTE-GENEVIÈVE-DE-BERTHIER;J0K1A0
Fabricant de cidre;CIDRE PONEY SAUVAGE;155 AVENUE VAN HORNE - LOCAL 102;MONTRÉAL;H2T2J2
Brasseur;L'USINE DU BOQ;1402-B, 12È AVENUE NORD;SHERBROOKE;J1E3V4
Brasseur;MICROBRASSERIE DU PAVILLON NOIR;756, RUE DES CROISIÈRES;SAGUENAY;G7B0K2
Production artisanale de cidre;CIDRERIE FAMILLE TREMBLAY;375, RANG DE LA MONTAGNE, LOCAL A;MONT-SAINT-GRÉGOIRE;J0J1K0
Brasseur;HERMAN BRASSERIE ARTISANALE;101-955, CHEMIN DU LAC-ÉCHO;PRÉVOST;J0R1T0
Brasseur;BRASSERIE PORT-ALFRED;531, 1re RUE;SAGUENAY;G7B2H1
Brasseur;NANO CINCO - BRASSERIE ARTISANALE;236, 3E RUE;QUÉBEC;G1L2S8
Production artisanale de cidre;CIDRERIE PARADOXE;459, ROUTE 216;STOKE;J0B3G0
Production artisanale de petits fruits;DOMAINE PYRUS;1500, CHEMIN GASPÉ;BRIGHAM;J2K4B4
Fabricant de cidre;9508-2210 QUÉBEC INC.;495, RUE NOTRE -DAME OUEST;NOTRE-DAME-DES-NEIGES;G0L4K0
Production artisanale d'hydromel;CUVERIE DES ABEILLES;370, CHEMIN DE L'ÎLE-NEPAWA;CLERVAL;J0Z1R0
Production artisanale de cidre;VERGER MAIA;2530, CHEMIN PRINCIPAL;SAINT-JOSEPH-DU-LAC;J0N1M0
Production artisanale de vin;LA CONSERVERIE;1005A, RUE BRUCE;DUNHAM;J0E1M0
Producteur artisanal de bière;MICROBRASSERIE DU VIEUX-CANAL;299, RUE VICTORIA;SALABERRY-DE-VALLEYFIELD;J6T1A9
Production artisanale de vin;VIGNOBLE PICBOIS;1470, CHEMIN GASPÉ;BRIGHAM;J2K4B4
Producteur artisanal de bière;MICROBRASSERIE ALPENSTOCK;4330, ROUTE DE FOSSAMBAULT, SUITE 101;SAINTE-CATHERINE-DE-LA-JACQUES-CARTIER;G3N1R9
Fabricant de cidre;9449-1818 QUÉBEC;3084-A, RUE FOSTER;WATERLOO;J0E2N0
Fabricant de cidre;LES TRAVAUX & LES JOURS;2492, ROUTE DU FLEUVE;LES ÉBOULEMENTS;G0A2M0
Producteur artisanal de bière;LA HALTE DES CRINQUÉS INC.;5983 CHEMIN DE SAINT-ÉLIE, LOCAL 700C;SHERBROOKE;J1R0L1
Fabricant de cidre;CIDRES APPALACHES;254, AVENUE DE GASPÉ OUEST;SAINT-JEAN-PORT-JOLI;G0R3G0
Production artisanale de vin;VIGNOBLE HEMMINGFORD;758, CHEMIN WILLIAMS;HEMMINGFORD;J0L1H0
Producteur artisanal de bière;MICROBRASSERIE LE MALTHALOIS;931, ROUTE LOUIS-CYR;SAINT-JEAN-DE-MATHA;J0K2S0
Brasseur;9469-3710 QUÉBEC LE FOL ASSEMBLAGE;700, RUE J.-E.-CAUCHON;QUÉBEC;G1J2S9
Brasseur;GASPARD BRASSERIE ARTISANALE;280, BOULEVARD DU FORT-SAINT-LOUIS, LOCAL 4;BOUCHERVILLE;J4B1S1
Producteur artisanal de bière;MICROBRASSERIE DU TAUREAU INC.;862, RUE BRASSARD;SAINT-MICHEL-DES-SAINTS;J0K3B0
Production artisanale de vin;VIGNOBLE BRIGHAM;1080, CHEMIN NORD;BRIGHAM;J2K4R7
Brasseur;MICROBRASSERIE HOPERA LA SHOP;2429, RUE ALEXIS-LE-TROTTEUR;SAGUENAY;G7X0J7
Producteur artisanal de bière;LA CROISÉE DES CHEMINS;101-3701, BOULEVARD FRÉCHETTE;CHAMBLY;J3L0M8
Production artisanale de petits fruits;CAMERISES MISTOUK;4565, 2E RANG;LABRECQUE;G0W2S0
Production artisanale de mistelle;VERGER CAMMIA;1265 LA GRANDE-CAROLINE;ROUGEMONT;J0L1M0
Brasseur;LE CHEPTEL - MICROBRASSERIE;1593 CHEMIN DES PATRIOTES;SAINTE-VICTOIRE-DE-SOREL;J0G1T0
Production artisanale de vin;DOMAINE DE CAP-AUX-OIES;34, CHEMIN DE CAP-AUX-OIES;LES ÉBOULEMENTS;G0A2M0
Fabricant de cidre;CLOS SHANOUK;6372, CHEMIN ROYAL;SAINT-LAURENT-DE-L'ÎLE-D'ORLÉANS;G0A3Z0
Brasseur;VALEA BRASSEUR ARTISAN;352, BONSECOURS;MASSUEVILLE;J0G1K0
Production artisanale d'hydromel;LES RUCHERS LECAM;175, ROUTE 281;SAINT-CAMILLE-DE-LELLIS;G0R2S0
Production artisanale d'hydromel;ARBOUR LASALLE, TALUSIER;3-400, RUE DU PLATINE;QUÉBEC;G2N2G6
Production artisanale de cidre;CIDRERIE DES CAPS-NOIRS;348, AVENUE MACKENZIE;NEW RICHMOND;G0C2B0
Production artisanale de vin;TERRE-EAU;199, 4E RANG OUEST;SAINT-JOSEPH-DE-LEPAGE;G5H3K6
Fabricant de cidre;LES CIDRES AUREA MEDIOCRITAS;17A, RUE PRINCIPALE;FRELIGHSBURG;J0J1C0
Brasseur;MATERA BRASSEURS;1005B et 1005C, RUE BRUCE;DUNHAM;J0E1M0
Production artisanale de cidre;JOSHUA BURNS;339, BOULEVARD PERRON OUEST;CAPLAN;G0C1H0
Production artisanale de vin;LES OUCHES;1811-1813, CHEMIN ROYAL;SAINT-PIERRE-DE-L'ÎLE-D'ORLÉANS;G0A4E0
Fabricant de cidre;POMME FAUVE;230, CHEMIN DE LA COLLINE-MERRILL;STANSTEAD-EST;J0B1C0
Production artisanale de vin;DOMAINE DE LA CASCADIÈRE;7308, AVENUE ROYALE;CHÂTEAU-RICHER;G0A1N0
Production artisanale de petits fruits;GESTION AGRICOLE BORÉAL;154, RANG SAINTE-MARIE;SAINT-FULGENCE;G0V1S0
Producteur artisanal de bière;LA COMPAGNIE DE BIÈRES MANIGANCES;96, RUE NOTRE-DAME;OKA;J0N1E0
Production artisanale de cidre;TERRE 50;7214, AVENUE ROYALE;CHÂTEAU-RICHER;G0A1N0
Producteur artisanal de bière;MICROBRASSERIE MARIANA;220-280 RUE ST-GEORGES;TROIS-RIVIÈRES;G9A2J4
Production artisanale de vin;VIGNOBLE LES ASSOIFFÉS;498, ROUTE 204 NORD;SAINT-GÉDÉON-DE-BEAUCE;G0M1T0
Brasseur;MICROBRASSERIE L'OURS BRUN;D-573, MONTÉE DE SAINTE-MARIE;L'ASSOMPTION;J5W5E1
Producteur artisanal de bière;HOPELAY - MICROBRASSERIE;101 - 70, ROUTE 335;SAINT-LIN-LAURENTIDES;J5M0L6
Brasseur;ST-HUBIÈRE MICROBRASSERIE;3, RUE DE L'ÉGLISE;SAINT-HUBERT-DE-RIVIÈRE-DU-LOUP;G0L3L0
Brasseur;MICROBRASSERIE GRIENDEL;600, RUE PRINCIPALE;SAINT-JACQUES-DE-LEEDS;G0N1J0
Producteur artisanal de bière;RICHARD DOUCET;2292, 10E RANG;DUNHAM;J0E1M0
Producteur artisanal de bière;MICROBRASSERIE LOUP-GAROU;769, RUE STEEVES;SAINTE-MARTHE;J0P1W0
Producteur artisanal de bière;LE PLONGEON;230, RUE PRINCIPALE;SAINT-CYRILLE-DE-LESSARD;G0R2W0
Production artisanale de vin;VIGNOBLE SAINTE-CATHERINE;480, CHEMIN DU RUISSEAU;SAINTE-CATHERINE-DE-HATLEY;J0B1W0
Brasseur;LA CIE VILANDRÉ;220, RUE MILL;NORTH HATLEY;J0B2C0
Brasseur;LA BRASSERIE SAN-Ô SAKÉ INC.;104A-1350, RUE MAZURETTE;MONTRÉAL;H4N1H2
Producteur artisanal de bière;3 BRASSEURS;107-5401, BOULEVARD DES GALERIES;QUÉBEC;G2K1N4
Production artisanale de vin;DOMAINE DE LA VIGNE NOBLE;211, CHEMIN DE LA RIVIÈRE;LEMIEUX;G0X1S0
Production artisanale de petits fruits;DOMAINE FÛT D’OR;1896, ROUTE MARIE-VICTORIN;LÉVIS;G7A4H2
Fabricant de cidre;CIDRERIE MOULTON HILL;545, CH. MOULTON HILL;SHERBROOKE;J1M0A8
Production artisanale de petits fruits;CHRISTIAN THIVIERGE;1110 BOUL. DE LANAUDIÈRE;SAINTE-ANNE-DE-LA-PÉRADE;G0X2J0
Production artisanale de vin;VIGNOBLE DES BATTURES SAINT-FULGENCE;204, RUE DU SAGUENAY;SAINT-FULGENCE;G0V1S0
Production artisanale de petits fruits;ÉTAT SAUVAGE;786, CHEMIN HERRINGVILLE;BURY;J0B1J0
Production artisanale de vin;VIGNOBLE CHAMBORDAIS ST-VINCENT INC.;850 ET 859, ROUTE DE LA POINTE;CHAMBORD;G0W1G0
Production artisanale d'hydromel;MIELLERIE SEMPELS;4930, CHEMIN BROWN;PONTIAC;J0X2V0
Production artisanale de vin;LE CHAMP DUO INC.;163, RUE LAURIER;SAINTE-CATHERINE-DE-LA-JACQUES-CARTIER;G3N0V5
Producteur artisanal de bière;DRAGON THAÏ;1842, AVENUE SAINT-MARC;SHAWINIGAN;G9N2H7
;;;;
;;;;
;;;;
;;;;
;;;;
;;;;
;;;;
;;;;
;;;;
;;;;
;;;;
;;;;
;;;;
;;;;
;;;;
;;;;
;;;;
;;;;
;;;;
;;;;
;;;;
;;;;
;;;;
;;;;
;;;;
;;;;
;;;;
;;;;
;;;;
;;;;
;;;;
;;;;
;;;;
;;;;
;;;;
;;;;
;;;;
;;;;
;;;;
;;;;
;;;;
;;;;
;;;;
;;;;
;;;;
;;;;
;;;;
;;;;
;;;;
;;;;
;;;;
;;;;
;;;;
;;;;
;;;;
;;;;
;;;;
;;;;
;;;;
;;;;
;;;;
;;;;
;;;;
;;;;
;;;;
;;;;
;;;;
;;;;
;;;;
;;;;
;;;;
;;;;
;;;;
;;;;
;;;;
;;;;
;;;;
;;;;
;;;;
;;;;
;;;;
;;;;
;;;;
;;;;
;;;;
;;;;
;;;;
;;;;
;;;;
;;;;
;;;;
;;;;
;;;;
;;;;
;;;;
;;;;
;;;;
;;;;
;;;;
;;;;
;;;;
;;;;
;;;;
;;;;
;;;;
;;;;
;;;;
;;;;
;;;;
;;;;
;;;;
;;;;
;;;;
;;;;
;;;;
;;;;
;;;;
;;;;
;;;;
;;;;
;;;;
;;;;
;;;;
;;;;
;;;;
;;;;
;;;;
;;;;
;;;;
;;;;
;;;;
;;;;
;;;;
;;;;
;;;;
;;;;
;;;;
;;;;
;;;;
;;;;
;;;;
;;;;
;;;;
;;;;
;;;;
;;;;
;;;;
;;;;
;;;;
;;;;
;;;;
;;;;
;;;;
;;;;
;;;;
;;;;
;;;;
;;;;
;;;;
;;;;
;;;;
;;;;
;;;;
;;;;
;;;;
;;;;
;;;;
;;;;
;;;;
;;;;
;;;;
;;;;
;;;;
;;;;
;;;;
;;;;
;;;;
;;;;
;;;;
;;;;
;;;;
;;;;
;;;;
;;;;
;;;;
;;;;
;;;;
;;;;
;;;;
;;;;
;;;;
;;;;
;;;;
;;;;
;;;;
;;;;
;;;;
;;;;
;;;;
;;;;
;;;;
;;;;
;;;;
;;;;
;;;;
;;;;
;;;;
;;;;
;;;;
;;;;
;;;;
;;;;
;;;;
;;;;
;;;;
;;;;
;;;;
;;;;
;;;;
;;;;
;;;;
;;;;
;;;;
;;;;
;;;;
;;;;
;;;;
;;;;
;;;;
;;;;
;;;;
;;;;
;;;;
;;;;
;;;;
;;;;
;;;;
;;;;
;;;;
;;;;
;;;;
;;;;
;;;;
;;;;
;;;;
;;;;
;;;;
;;;;
;;;;
;;;;
;;;;
;;;;
;;;;
;;;;
;;;;
;;;;
;;;;
;;;;
;;;;
;;;;
;;;;
;;;;
;;;;
;;;;
;;;;
;;;;
;;;;
;;;;
;;;;
;;;;
;;;;
;;;;
;;;;
;;;;
;;;;
;;;;
;;;;
;;;;
;;;;
;;;;
;;;;
;;;;
;;;;
;;;;
;;;;
;;;;
;;;;
;;;;
;;;;
;;;;
;;;;
;;;;
;;;;
;;;;
;;;;
;;;;
;;;;
;;;;
;;;;
;;;;
;;;;
;;;;
;;;;
;;;;
;;;;
;;;;
;;;;
;;;;
;;;;
;;;;
;;;;
;;;;
;;;;
;;;;
;;;;
;;;;
;;;;
;;;;
;;;;
;;;;
;;;;
;;;;
;;;;
;;;;
;;;;
;;;;
;;;;
;;;;
;;;;
;;;;
;;;;
;;;;
;;;;
;;;;
;;;;
;;;;
;;;;
;;;;
;;;;
;;;;
;;;;
;;;;
;;;;
;;;;
;;;;
;;;;
;;;;
;;;;
;;;;
;;;;
;;;;
;;;;
;;;;
;;;;
;;;;
;;;;
;;;;
;;;;
;;;;
;;;;
;;;;
;;;;
;;;;
;;;;
;;;;
;;;;
;;;;
;;;;
;;;;
;;;;
;;;;
;;;;
;;;;
;;;;
;;;;
;;;;
;;;;
;;;;
;;;;
;;;;
;;;;
;;;;
;;;;
;;;;
;;;;
;;;;
;;;;
;;;;
;;;;
;;;;
;;;;
;;;;
;;;;
;;;;
;;;;
;;;;
;;;;
;;;;
;;;;
;;;;
;;;;
;;;;
;;;;
;;;;
;;;;
;;;;
;;;;
;;;;
;;;;
;;;;
;;;;
;;;;
;;;;
;;;;
;;;;
;;;;
;;;;
;;;;
;;;;
;;;;
;;;;
;;;;
;;;;
;;;;
;;;;
;;;;
;;;;
;;;;
;;;;
;;;;
;;;;
;;;;
;;;;
;;;;
;;;;
;;;;
;;;;
;;;;
;;;;
;;;;
;;;;
;;;;
;;;;
;;;;
;;;;
;;;;
;;;;
;;;;
;;;;
;;;;
;;;;
;;;;
;;;;
;;;;
;;;;
;;;;
;;;;
;;;;
;;;;
;;;;
;;;;
;;;;
;;;;
;;;;
;;;;
;;;;
;;;;
;;;;
;;;;
;;;;
;;;;
;;;;
;;;;
;;;;
;;;;
;;;;
;;;;
;;;;
;;;;
;;;;
;;;;
;;;;
;;;;
;;;;
;;;;
;;;;
;;;;
;;;;
;;;;
;;;;
;;;;
;;;;
;;;;
;;;;
;;;;
;;;;
;;;;
;;;;
;;;;
;;;;
;;;;
;;;;
;;;;
;;;;
;;;;
;;;;
;;;;
;;;;
;;;;
;;;;
;;;;
;;;;
;;;;
;;;;
;;;;
;;;;
;;;;
;;;;
;;;;
;;;;
;;;;
;;;;
;;;;
;;;;
;;;;
;;;;
;;;;
;;;;
;;;;
;;;;
;;;;
;;;;
;;;;
;;;;
;;;;
;;;;
;;;;
;;;;
;;;;
;;;;
;;;;
;;;;
;;;;
;;;;
;;;;
;;;;
;;;;
;;;;
;;;;
;;;;
;;;;
;;;;
;;;;
;;;;
;;;;
;;;;
;;;;
;;;;
;;;;
;;;;
;;;;
;;;;
;;;;
;;;;
;;;;
;;;;
;;;;
;;;;
;;;;
;;;;
;;;;
;;;;
;;;;
;;;;
;;;;
;;;;
;;;;
;;;;
;;;;
;;;;
;;;;
;;;;
;;;;
;;;;
;;;;
;;;;
;;;;
;;;;
;;;;
;;;;
;;;;
;;;;
;;;;
;;;;
;;;;
;;;;
;;;;
;;;;
;;;;
;;;;
;;;;
;;;;
;;;;
;;;;
;;;;
;;;;
;;;;
;;;;
;;;;
;;;;
;;;;
;;;;
;;;;
;;;;
;;;;
;;;;
;;;;
;;;;
;;;;
;;;;
;;;;
;;;;
;;;;
;;;;
;;;;
;;;;
;;;;
;;;;
;;;;
;;;;
;;;;
;;;;
;;;;
;;;;
;;;;
;;;;
;;;;
;;;;
;;;;
;;;;
;;;;
;;;;
;;;;
;;;;
;;;;
;;;;
;;;;
;;;;
;;;;
;;;;
;;;;
;;;;
;;;;
;;;;
;;;;
;;;;
;;;;
;;;;
;;;;
;;;;
;;;;
;;;;
;;;;
;;;;
;;;;
;;;;
;;;;
;;;;
;;;;
;;;;
;;;;
;;;;
;;;;
;;;;
;;;;
;;;;
;;;;
;;;;
;;;;
;;;;
;;;;
;;;;
;;;;
;;;;
;;;;
;;;;
;;;;
;;;;
;;;;
;;;;
;;;;
;;;;
;;;;
;;;;
;;;;
;;;;
;;;;
;;;;
;;;;
;;;;
;;;;
;;;;
;;;;
;;;;
;;;;
;;;;
;;;;
;;;;
;;;;
;;;;
;;;;
;;;;
;;;;
;;;;
;;;;
;;;;
;;;;
;;;;
;;;;
;;;;
;;;;
;;;;
;;;;
;;;;
;;;;
;;;;
;;;;
;;;;
;;;;
;;;;
;;;;
;;;;
;;;;
;;;;
;;;;
;;;;
;;;;
;;;;
;;;;
;;;;
;;;;
;;;;
;;;;
;;;;
;;;;
;;;;
;;;;
;;;;
;;;;
;;;;
;;;;
;;;;
;;;;
;;;;
;;;;
;;;;
;;;;
;;;;
;;;;
;;;;
;;;;
;;;;
;;;;
;;;;
;;;;
;;;;
;;;;
;;;;
;;;;
;;;;
;;;;
;;;;
;;;;
;;;;
;;;;
;;;;
;;;;
;;;;
;;;;
;;;;
;;;;
;;;;
;;;;
;;;;
;;;;
;;;;
;;;;
;;;;
;;;;
;;;;
;;;;
;;;;
;;;;
;;;;
;;;;
;;;;
;;;;
;;;;
;;;;
;;;;
;;;;
;;;;
;;;;
;;;;
;;;;
;;;;
;;;;
;;;;
;;;;
;;;;
;;;;
;;;;
;;;;
;;;;
;;;;
;;;;
;;;;
;;;;
;;;;
;;;;
;;;;
;;;;
;;;;
;;;;
;;;;
;;;;
;;;;
;;;;
;;;;
;;;;
;;;;
;;;;
;;;;
;;;;
;;;;
;;;;
;;;;
;;;;
;;;;
;;;;
;;;;
;;;;
;;;;
;;;;
;;;;
;;;;
;;;;
;;;;
;;;;
;;;;
;;;;
;;;;
;;;;
;;;;
;;;;
;;;;
;;;;
;;;;
;;;;
;;;;
;;;;
;;;;
;;;;
;;;;
;;;;
;;;;
;;;;
;;;;
;;;;
;;;;
;;;;
;;;;
;;;;
;;;;
;;;;
;;;;
;;;;
;;;;
;;;;
;;;;
;;;;
;;;;
;;;;
;;;;
;;;;
;;;;
;;;;
;;;;
;;;;
;;;;
;;;;
;;;;
;;;;
;;;;
;;;;
;;;;
;;;;
;;;;
;;;;
;;;;
;;;;
;;;;
;;;;
;;;;
;;;;
;;;;
;;;;
;;;;
;;;;
;;;;
;;;;
;;;;
;;;;
;;;;
;;;;
;;;;
;;;;
;;;;
;;;;
;;;;
;;;;
;;;;
;;;;
;;;;
;;;;
;;;;
;;;;
;;;;
;;;;
;;;;
;;;;
;;;;
;;;;
;;;;
;;;;
;;;;
;;;;
;;;;
;;;;
;;;;
;;;;
;;;;
;;;;
;;;;
;;;;
;;;;
;;;;
;;;;
;;;;
;;;;
;;;;
;;;;
;;;;
;;;;
;;;;
;;;;
;;;;
;;;;
;;;;
;;;;
;;;;
;;;;
;;;;
;;;;
;;;;
;;;;
;;;;
;;;;
;;;;
;;;;
;;;;
;;;;
;;;;
;;;;
;;;;
;;;;
;;;;
;;;;
;;;;
;;;;
;;;;
;;;;
;;;;
;;;;
;;;;
;;;;
;;;;
;;;;
;;;;
;;;;
;;;;
;;;;
;;;;
;;;;
;;;;
;;;;
;;;;
;;;;
;;;;
;;;;
;;;;
;;;;
;;;;
;;;;
;;;;
;;;;
;;;;
;;;;
;;;;
;;;;
;;;;
;;;;
;;;;
;;;;
;;;;
;;;;
;;;;
;;;;
;;;;
;;;;
;;;;
;;;;
;;;;
;;;;
;;;;
;;;;
;;;;
;;;;
;;;;
;;;;
;;;;
;;;;
;;;;
;;;;
;;;;
;;;;
;;;;
;;;;
;;;;
;;;;
;;;;
;;;;
;;;;
;;;;
;;;;
;;;;
;;;;
;;;;
;;;;
;;;;
;;;;
;;;;
;;;;
;;;;
;;;;
;;;;
;;;;
;;;;
;;;;
;;;;
;;;;
;;;;
;;;;
;;;;
;;;;
;;;;
;;;;
;;;;
;;;;
;;;;
;;;;
;;;;
;;;;
;;;;
;;;;
;;;;
;;;;
;;;;
;;;;
;;;;
;;;;
;;;;
;;;;
;;;;
;;;;
;;;;
;;;;
;;;;
;;;;
;;;;
;;;;
;;;;
;;;;
;;;;
;;;;
;;;;
;;;;
;;;;
;;;;
;;;;
;;;;
;;;;
;;;;
;;;;
;;;;
;;;;
;;;;
;;;;
;;;;
;;;;
;;;;
;;;;
;;;;
;;;;
;;;;
;;;;
;;;;
;;;;
;;;;
;;;;
;;;;
;;;;
;;;;
;;;;
;;;;
;;;;
;;;;
